/*
Navicat MySQL Data Transfer

Source Server         : Mysql_bosuser_192.168.56.101
Source Server Version : 50639
Source Host           : 192.168.56.101:3306
Source Database       : bos

Target Server Type    : MYSQL
Target Server Version : 50639
File Encoding         : 65001

Date: 2018-04-12 17:19:07
*/

SET FOREIGN_KEY_CHECKS=0;

-- ----------------------------
-- Table structure for ACT_GE_BYTEARRAY
-- ----------------------------
DROP TABLE IF EXISTS `ACT_GE_BYTEARRAY`;
CREATE TABLE `ACT_GE_BYTEARRAY` (
  `ID_` varchar(64) COLLATE utf8_bin NOT NULL DEFAULT '',
  `REV_` int(11) DEFAULT NULL,
  `NAME_` varchar(255) COLLATE utf8_bin DEFAULT NULL,
  `DEPLOYMENT_ID_` varchar(64) COLLATE utf8_bin DEFAULT NULL,
  `BYTES_` longblob,
  `GENERATED_` tinyint(4) DEFAULT NULL,
  PRIMARY KEY (`ID_`),
  KEY `ACT_FK_BYTEARR_DEPL` (`DEPLOYMENT_ID_`),
  CONSTRAINT `ACT_FK_BYTEARR_DEPL` FOREIGN KEY (`DEPLOYMENT_ID_`) REFERENCES `ACT_RE_DEPLOYMENT` (`ID_`)
) ENGINE=InnoDB DEFAULT CHARSET=utf8 COLLATE=utf8_bin;

-- ----------------------------
-- Records of ACT_GE_BYTEARRAY
-- ----------------------------
INSERT INTO `ACT_GE_BYTEARRAY` VALUES ('1002', '1', 'transfer2.png', '1001', 0x89504E470D0A1A0A0000000D49484452000004DE0000025F08020000002FAF8C3600002C4949444154789CEDDD7F6CDCF57D3F70174A67A6223CAD1BD1FEC1D5FEC052B7C65A2B257F0D5369C493B662691578FB23B584DA66AA46D13475DE26C8B49245D3DA45FBB6886E25B336B179AAC22C15985708F33AA01E3F42F891D605524C03D405428F258123B193CFF7131FDC8EB37DFE9CFDB97BDDC77E3CF452E4FBF1F9DCE773AFE3FD7E3F39FBAE2B01000080505DD107000000C066279A020000104C340500002098680A00004030D11400008060A229000000C144530000008289A600000004134D01000008269A020000104C340500002098680A00004030D11400008060A229000000C144530000008289A600000004134D01000008269A020000104C340500002098680A00004030D11400008060A229000000C144530000008289A600000004134D01000008269A020000104C340500002098680A00004030D11400008060A229000000C144530000008289A600000004134D01000008269A020000104C340500002098680A00004030D11400008060A229000000C144530000008289A600000004134D01000008269A020000104C340500002098680A00004030D11400008060A229000000C144530000008289A600000004134D01000008269A020000104C340500002098680A00004030D11400008060A229000000C144530000008289A600000004134D01000008269A020000104C340500002098680A00004030D11400008060A229000000C144530000008289A600000004134D01000008269A020000104C340500002098680A00004030D11400008060A229000000C144530000008289A600000004134D01000008269A020000104C340500002098680A00004030D11400008060A229000000C144530000008289A6B05EE572796A6A6AF7EEDD03EFEAEDEDED0280024AA7B0EA74964E6D939393A552297AA6053605D114D62E4DA4434343DDDDDD95F97BEA5DB3B3B3D18706006B914E61D5E92C9DDA0607077B7A7AD2696E626222FAD0800D4E3485B5989B9BABFC1F655335001B5EE57FC5F6F7F7CFCCCC441F0BB06189A6D0B4C9C9C9BEBEBE749E8E3E1000689FC3870FA7E9747C7C3CFA40808D493485E64C4C4C0C0C0CF8C31B0036A172B93C3C3C3C3636167D20C006249A4213666767FBFBFBE5520036AD349D0E0C0C4C4F4F471F08B0D188A6D084EDDBB79B8C01D8E4666767FBFAFAD28C1A7D20C086229A4256131313434343D1470100F16EBCF1C67DFBF6451F05B0A188A690D5E0E0E0E4E464F4510040BC999999BEBEBEE8A3003614D11432999B9BDBB2654BF4510040A7F0472E40BE4453C8C46FF302402DBFD30BE44B34854C4CC00050CBFFB405F2259A4226030303535353D14701009DC29F9B02F9124D21137F510300B56667677B7B7BA38F02D8384453C8249D7DD33938FA2800A0837475594902B931A040263D3D3DA55229FA2800A08388A6408E0C289089D91700EA981C811C19502013B32F00D43139023932A04026665F00A8637204726440814CCCBE0050C7E408E4C8800299987D01A08EC911C89101053231FB02401D93239023030A6462F605803A264720470614C8C4EC0B00754C8E408E0C289089D91700EA981C811C19502013B32F00D43139023932A04026665F00A8637204726440814CCCBE0050C7E408E4C8800299987D01A08EC911C89101053231FB02401D93239023034A0B95CBE5F1F1F1E1E1E1818181DEDEDEAECD2A3DF7F419181A1A1A1B1B2B954AD16D59A32EB32F00BC97C911C89101A555262727D34896E6D23BEEB8E3BE83079F3B7AF4CCFCFCE6ACF4DCD367E0C081033B77EE4C9F9334A04637672DCCBE0050C7E408E4C88092BF52A9343232B263C78E632F1E3B337F46D5D6ABAFBD9A06D4F4C9999B9B8B6E5473CCBE0050C7E408E4C88092B33497F6F7F7DFBEFF1B67E64FAB95EAAEBBEFDAB66DDBECEC6C74BB9A60F605803A2647204706949C8D8C8C2CE6D2B755E3BAEFE0BD575EF9EBD1ED6A82D91700EA981C811C1950F2343939B963C7D5F30B6595A5BEF8C77FB467CF97A29B9695D91700EA981C811C195072532E977B7B7B5F7C69767EE12D95A54E9EFAE9D6AD1F9D9999896E5D26665F00A8637204726440C9CDD8D8D8C8C8C8FCC29BD5BA6AF0B7327EBD4AED569BAAF6ECF98BD1D1D1E8D66562F605803A264720470694DC0C0D0D1DB8F35FFF2F975EBDE3C749F2C2D9E4D9F9E47BA793274E278F9E5CD877E7FDDF7EE98D87CF24FF534E1E2E270FBC99DCFB76F2B70F3CF5D95D9F0B4F8921F5D8A1E9FEFEFEE8D6ADAE542A7DF0831F2CEE97B202402B88A6408E0C28B9E9EBEB3B72E4F1F98553954A07EB934972EA5CF2C642F2FA99E4CD24F9C33FBDB9EB820F6EBF7AE8A5F9E4D8E9E4D8DBC96C39796E21F9E6779F587CE3F4D426AC93A78E77777747B76E156922BDF2CA2B6FDFBF7F6060403A05802AD114C851F080522E9727262676EFDE3D343434F0AEC1C1C1F49AF1F1F162C5809E9E9ED78EBF34BF70B252E960FDE6D9E4F4D9F3372D9C3BFFEFB7EEF98F5FFAE55FF9B35BBEBC902427169237E693D7E793F40CEF7DE4C9C5687A72735687CF6A955CFAE86387CECC2FA4FF4AA70050D5E19338502C61034A9A48D308DADDDD9D86D234881E3870E77D07EFAFD45D77DF73D34D370F0F0FA7616FFBF6ED6363635107D994C57879A25AE9C5530BC9F1B7923367DFB9431A69FEE6AB5FFFD25F7FF5D8CB73E9C5F973C999C5C8FAD0634FD46DBBA9AA9367B5DA5C5A29E91400AA3A7912070A276040397CF870BAB84F13691A41AB2BFE95EA81071FDAB9F3D3FDFDFD535353ED3FD4A62CC6CBFFADD6F9687A3679F5CDE4272793F9243973FA74DF155774755DD8D5D5FDA9DFDD59BBE1A3871EAFDB765355C7CE6A4B73A9740A00B53A7612078AA8DD03CADEBD7BD39C79DFC1FB570DA57561200D09BB76ED2A97CB6D3EE0EC16E3E51BD5AAFC42EFF1B792974F24AFBC9D3C7AE487975D76D985EFFFC0C5977E68F8F7DE134D1F79EC50DDB69BAA3A73565B29974AA70050D59993385050ED1B50D254393C3C3C3A3ADA5428ADADAFDD7A6B9A07E6E6E6DA76CC4D598C97A56AA517DF3A97BC5E3EFFAEE9AB6F27071F99F9D5AD1FFBD02FFCE2A53D3FF7F57FFCE6DB4972F274F2E6E9F31B3E30FD48DDB69BAA3A70566B9C4BA55300A8E8C0491C28AE360D28692EDDBE7DFBF8F8F89A7369F5F77BD3FDCCCECEB6E7B09B928ECE0B0B3FAD5665B04ED3E91BF3C94FCF242F9F987FE8A9D9ADBFF6F1AB7EE3375F399DFCA49CBC524E8E9F4ED270FAC0C38FD46DBBA9AAD366B52CB9543A058044340572D5A60165787878FDB9B49A07D274DA81BFD95B172F07AEBAF2C9EF3FFBE85333D387671E3C34F3E0E3CF3CF4E4D1FF7CF87BDF7DEAF9EF1C7AE6BF0FFDE0C1C77F30FDC4334F3DFBA35BFF6EFFB5D75D1B1E1145D3A4995C2A9D0240474DE240D1B56340D9BB77EF7A7E8F77691D3870E7D0D0501B8EBC298BD1F4F5DAFAFCE73FD795C1EF7CEA53751B6EAAEA9C59ADD95C2A9D02B0C975CE240E6C002D1F500E1F3EDCDFDF9F632EADD4673FFBB9DB6EBBADD507DF94C5687A5C355B1D32ABAD2D974AA7006C661D3289031B43CB07943497AE6DB9DFB88EBDF8D2E597F776D4AFF59E8FA6675F53CD5627CC6A4B73E95D77DF73C5157DCF1D3DBAECCBEFD5D78E6FDDBAF5F6FDFBA5530036B34E98C4810DA3B503CAC4C4C4D0D050EEB9B45237DCF0857DFBF6B5F4F89BB2184D5F55CD56F8ACB66C2EEDEEEE4E0FECF2CB7B97A6D34A2EADFC32B6740AC066163E89031B496B079474A5DEEC579836F5C6E9962D5B5A7AFC4D598CA6AFA8662B76566B904B2BEAD2696D2E954E01D8E4445320472D1C50D2057A4F4F4F8B7269A5B66DDB363D3DDDBA5368CA6234FD896AB60267B5A5B9F4C4C9535BB66CA9FB9CAA6A3A5D9A4B53698E3DF6E24BD229009B90680AE4A88503CAD8D8D8C8C8484BA3E92D7BF68C8E8EB6EE14961A1F1F5FE95B5517A3E95CB39571ABBABBADEDB1323EC4DA0E69CD47D58A59AD419BAA56FADCA3F49A9E9E9EA5E9F4D0E38F2F9B4BEFBAFB9EA57B904E01D80C445320472D1C5076EDDA75DB6DB7B5349ADE77F0FE3403B4EE14EA3CF3CC33954072C925971C3870A0EED635C7C52C1B36950397FD8A9A5AB944D3BA7BAEE7F4DBD9A68AC69FC7BB6C3AFDC0073E9025974AA7006C1EA22990A3160E288383832B2DDCF3AAE78E1EBDFCF2DED69D429D72B97CC105175462C945175DF4918F7CA4F6ADB9C56CF6E3556BD5DCF86E7AACDFAAF1E68D1F31E381357888EC6791E5B1EA76D5CE3625D9BE2766D9745AAB412E954E01D824729FC481CDAC85034A8BBE36A6B64E9C3C952684D69DC252757F8878F1C5175F7FFDF595EFB0492F9E3DFBF2AA95E56EB5F7A97DB866F7B38647ACFCB0EA267547B886A3AADDA49D6DCAFEFDA50DD2E9AAB9543A056033104D811CB5704049E341EDC7C3B4A8D231315DFD377877AB9DCE9E7D690D9565C3BAFB542FAE61DBC6F7A9FCB0EA26B57758E9E7ECA7DFCE0EA6B934FBA746FFE7D47F5D78E185757B78DFFBDEB77FFF3F64DC439B7FE71C00DAA94B3405F2D3C201A5AFAFEFE92347DA104D5B770A4B5D7AE9A5D58832B4280D1E333333C93BEF9ABE98A5568D4FCB6EB2EACF0D1E2ECBF1D4DE33E326190F7ED55DB5B34D870F1F4ED3E9ABAF1D5FF5A5B5ECE7F1562CFB7DA7CBEE217DDCF411733F4100E804A22990A3160E282DFD52D34AB5F96F4D4BA5522599A4A9FB339FF94CFAEFF8F878F5D6C554762C4BD5DDB3F1C5CA35EFA6BE637519690D0FB7ECAD4B8FA1F1A3D45EB9D2CFD99F8D76B629C9964E1BE4D28CE9542E0560C3134D811CB57040191919B97DFFFE9646D3071E7C68DBB66DAD3B853A2FBCF0427777F7E0E0606F6FEFE8E868DDDF102EA6B21F65A9BA7B36BE58B9A67265ED4DD59F577DDC2C07B6EA3134B8FF4A3F677F36DAD9A68AC6E974D95CFABEF7BD2F7B3A954B01D80C445320472D1C50F6EDDB77C30D5F6869344DA3EFCE9D9F6EDD292C353131313636B6EC776636154D1B5B1A021B44C7A8689AE5E043A269E33655AD944E97CDA569D6FDDBFFF7D565BFEF74693A954B01D824445320472D1C50D260D0DBDBDBD268BA63C78EC9C9C9D69D42531653D90B59AAEE9E8D2F2EBD72A59F333EDC1A0E69FDFB6FBC7954CB96A6D3957269E5F37897FDCCDEBA742A9702B07988A6408E5A3BA0B4F493904E9C3C95E684CA37827482F309EDDC6C96AABB67E38B7557D6DE9AF111B3DC6DE931D4BF17BABEFD37DE3CB06B4BD3E9CE9D9F5E3697566A693ADDB16347FA52944B01D88444532047AD1D505AFA3BBD5FFECA57D29DB7F4F89BB298D09ECF524B83DF921CB8CC26CB5E93E541D7709F069BAC7AF02B9D42831DC636AE413A5DF6FB4B6BD3A95C0AC066163E89031B496B079472B9DCDBDBDB8A6F374DF3C0E597F7CECDCDB5F4F89BB298C77E98A5EAEED9F8E2AAF7597A53B6E8D8C42135753ACD5627CC6ACBA6D36573696D3A954B01D8E43A611207368C960F28E3E3E3D75E77DD867FCB3479279A1E5D4365D9B07A9F778365739B377B0C4DED739D07D021B3DAD2749AE6CF06AFC0A78F1C914B01D8E43A6412073686760C289FBCE69A0307EECC3197A6A960EBD6AD693068C3C167B798D09E53CD56E7CC6A59BEEF7469C9A5006C5A9D3389031B403B069452A9B46DDBB6BC3E0FA9F219AACF1D3DDA86236FCA62347D56355B1D35AB359B4EE5520036B38E9AC481A26BD38032333393A6D3A5DF00B9865CFAC96BAEB9EBEE7BDA73D84D114D3740344D9A49A77229009B5CA74DE240A1B56F404957F05BB76E7DE0C187D6F37BBC69BEEDCC5C9A2C8ECEE7CE3DA39AAD0E9CD5B2A453B914003A7012078AABAD034AA9544A57FC37DD7473B37FCE77E2E4A92F7FE52B95DF0A6EE7013765319AFE40355B9D39AB354EA772290024A22990AB760F28E572398DA6575CD19746CDEA079C36AEDBF7EF4FEF7FC30D5F48F3409B8FB6298BD17446355B1D3BABAD944EE55200A8E8D8491C28A29801656E6EEEC61B6FECE9E9F9E435D7A4C973E9B774A4D7DC71C73F5F7BDD75E97D76EEFCF4ECEC6CC8713665319A7E5F355B9D3CAB2D4DA77229005475F2240E144EE480522E97272626464646B66EDDDAF55EE935692E1D1F1F2F954A8147D894EEEEEEB7DE7AFCDCB9EFA9A6AAC367B5DA742A970240AD0E9FC4816231A0E4A6B7B7F7F9E7BF7DEEDC11D55475FEAC5649A7CF1D3D2A970240ADCE9FC4810231A0E4667070F0DF276F3B973CADB2D7F767BED5D7D717DDBAD5A589B4B7B7572E05805AA2299023034A6EF6EEDD3B3A7A7D78D82B56FDC3D82D232323D1ADCBA428C709006D239A023932A0E4667676B6AFEFC36F951F3D973CA532D6D0D027262626A25B9789D91700EA981C811C1950F2B4FBBC5DE792275596FA97F1BF1A1E1E8C6E5A56665F00A8637204726440C953B95C1E18F8F8F4F43F25C913AA71CDCD1DECEBFB70A9F44074D3B232FB02401D93239023034ACE666666FAFBAF9899994892C36AA54A73699AE1A7A6BE11DDAE26987D01A08EC911C89101257FD3D3D3693ADDBBF70F92E471B5B42626BED2D7D73B35F5F7D18D6A8ED91700EA981C811C19505AA25C2E8F8E8E0C0C7C6C6CECCFE7E6EE4D9243AA54FAAFF1F1BF1C1EDE31343490FE1CDDA2A6997D01A08EC911C89101A585A6A6A646467E7BCB969FEFA2ABABA7E792E1E1ABD3741ADD9635EA32FB02C07B991C811C19502013B32F00D43139023932A04026665F00A8637204726440814CCCBE0050C7E408E4C8800299987D01A08EC911C89101053231FB02401D93239023030A6462F6ED70E572797C7C7C7878786060A0B7B737E253A83B427AEEE933303434343636562A95A2DB921BFDADD0DF8DAD88FDED323902F931A0402666DF4E363939992EE9D275ED1D77DC71DFC183CF1D3D7A667E7E73567AEEE93370E0C0819D3B77A6CF49BAC08D6E4E0EF4577F374915A5BFE3E3E3E99CD8DDDDDDDFDF9FFEB065CB96F4DF9FFDD99F9D9999893E34A0D8ACB62113D1B433954AA59191911D3B761C7BF1D899F933AAB65E7DEDD574819B3E39737373D18D5A23FDD5DF4D5B9DDCDF7FFBB77F5BFA96EF55575D353131117D6840B1596D4326A269074AD7B5FDFDFDB7EFFFC699F9D36AA5BAEBEEBBB66DDB363B3B1BDDAEA6E9AFFEAACEEC6FB95CFE999FF999DA5CFAD18F7E74CB962D45F92564A063596D4326A269071A1919595CD7BEAD1AD77D07EFBDF2CA5F8F6E57D3F4577F55C7F6F74FFEE44FDEFFFEF757A3E9EFFFFEEF8F8E8E461F14507856DB908968DA6926272777ECB87A7EA1ACB2D417FFF88FF6ECF95274D39AA0BFFAAB3ABCBF975D765925975E77DD75BDBDBDE57239FA8880C2B3DA864C44D38E92AE81D295D08B2FCDCE2FBCA5B2D4C9533FDDBAF5A345F99012FDD55FD5F9FDFDCE77BE73D14517A593E3E0E0A0BF32057261B50D9988A61D656C6C6C6464647EE1CD6A5D35F85B19BF9EA176AB4D557BF6FC45517EE34E7FF5577F0BD1DF4F7CE21395681A7D20C00661B50D9988A61D656868E8C09DFFFA7FEBDAAB77FC38495E389B3C3B9F7CEF74F2C4E9E4D1930BFBEEBCFFDB2FBDF1F099E47FCAC9C3E5E48137937BDF4EFEF681A73EBBEB73E1ABCC907AECD0747F7F7F74EB32D15FFDD5DF42F4776E6E2E9D1C3BEDED5CA0B8ACB62113D1B4A3F4F5F51D39F2F8FCC2A94AA5DD399924A7CE256F2C24AF9F49DE4C923FFCD39BBB2EF8E0F6AB875E9A4F8E9D4E8EBD9DCC9693E716926F7EF789C5375E4E6DC23A79EA7877777774EB32D15FFDD5DFA2F4D7E408E4C8800299987D3B4A4F4FCF6BC75F9A5F3859A9B43B6F9E4D4E9F3D7FD3C2B9F3FF7EEB9EFFF8A55FFE953FBBE5CB0B4972622179633E797D3E2925C9BD8F3CB9B8B43DB939AB282F63FDD55FFDEDD8FE96CBE5898989DDBB770F0D0D0DBC6B707030BD666C6CAC03BF851528908E18E6A0F375C89A808AC5E5E9896AA5174F2D24C7DF4ACE9C7DE70EA552E96FBEFAF52FFDF5578FBD7C7E9D347F2E39B3B8E47DE8B127EAB6DD54559497B1FEEAAFFE76607FD3449AC6D155FF1EB8BFBFFFB6DB6EF381BDC01A14631A8370DDDDDD26DACEB1B83CFDDF6A9D5FDA9E4D5E7D33F9C9C9643E49CE9C3EDD77C5155D5D177675757FEA7777D66EF8E8A1C7EBB6DD5415BEB4CD487FF5577F3BAABF535353DBB76FCFF8515515BDBDBD3EB617685631A6310897CEB2B3B3B3D147C13B1697A76F54ABF20B81C7DF4A5E3E91BCF276F2E8911F5E76D96517BEFF03175FFAA1E1DF7BCFD2F691C70ED56DBBA9AA50D1457FF5577FE3FB5B2E9747464696BE2FFAC52FFEF1810377DE77F0FE6ADD74D3CD3B76ECA8BBE7D0D050A9546AFF610305558C690CC2A533F1E1C387A38F82772C2E4F4BD54A2FBE752E79BD7CFE5D9757DF4E0E3E32F3AB5B3FF6A15FF8C54B7B7EEEEBFFF8CDB793E4E4E9E4CDD3E7377C60FA91BA6D3755152ABAE8AFFEEA6F707FE7E6E6EADE2CBDE1862F3C77F4E899F98595EAD5D78E7FEDD65BB76CD952FBF6A9D913C8A818D318841B1818989A9A8A3E0ADE912E7716167E5AADCA8A2D5DDDBE319FFCF44CF2F289F9879E9ADDFA6B1FBFEA377EF395D3C94FCAC92BE5E4F8E9245DDC3EF0F02375DB6EAA2A5074D15FFDD5DFD8FECECECEA6A9B29A300707071B87D2BA807AD34D3757B7EDEEEE9E9E9E6EE7C10305558C690CC28D8C8C8C8D8D451F05EFA85B9E0E5C75E593DF7FF6D1A766A60FCF3C7868E6C1C79F79E8C9A3FFF9F0F7BEFBD4F3DF39F4CC7F1FFAC1838FFF60FA89679E7AF647B7FEDDFE6BAFBB367C89B94996B66BA6BFFAABBFB1FD2D97CBB5EF97DEB2674FC6505A5B77DCF1CF6928ADBE77EAC37B815515631A8370692E4DD369F451F08EC5A5EDEBB5F5F9CF7F6EC9C7702CE3773EF5A9BA0D3755152ABAE8AFFEEA6F587F878787AB4FFB810377AE219756EAD1C70EF5F4F454F6333030D0B6E3070AAA18D318849B9999E9EBEB8B3E0ADEB1B8B43DAE9AAD424597F8A7AB70A5BF1BBBDAD6DF8989896A2E5DDBFBA5B575D7DDF754F7B66FDFBEF69C025050C598C6A013F824A4CE717E697BF635D56C1529BA443F57452CFDDDD8D5B6FEA6935D25490E0E0EAE339756AAFA77A75BB66CF1356C4003C598C6A013ECDBB7EFC61B6F8C3E0ACE5B5CDABEAA9AAD424597F8A7AB70A5BF1BBBDAD3DFF1F1F14A8CECEEEE3EF6E24BB944D313274F553FB3D7340A34508C690C3A41B95CF6410E1D627169FB8A6AB60A155DE29FAEC295FE6EEC6A4F7F0706062A19F2861BBE904B2EADD4EDFBF75776DBD3D3D386B3000AAA18D3187488A9A9291FE4D0091697B63F51CD56A1A24BFCD355B8D2DF8D5D6DE86FA954AAFE5D685E6F9956EBF2CB7B2B7BF64D6CC04A8A318D41E7D8BD7BB7DF476A8FF1F1F1D9D9D9656F5A5CDACEADBF6AF793659FCDDE7F6D775EC3FDB3EFB6BD3D6C6423F5779DCDCDF17CDBDBC346DAD0DF963EFF6B6B534B5F4279F5B7416BC6C6C6AA9FA69B6F2E4DEBB39F7DE7739847474773391160E3E9A0690C8A229D560707074BA552F4816C64CF3CF34C651173C925971C3870A0EED6964697CAE3AE73DD59776BE38B1917D09DB3B45DBF42F7B76B3975D7677F3DE4D8E84DD2DFF63CFF1B359A366ECDAE5DBB2AB7AEFF837997D67D07EFAFEC7CFBF6EDEB3F116043EA94690C8A657272B2B7B777F7EEDDFEF4B445CAE5F205175C5059C75C74D1451FF9C8476AFF37FFE29AEFC7EBACBA9DD42C6A57BC73EDADCB2D8E1BEDBCC1C565F7D678FF6B3EE5B896BE47D1FBBBEC260DFABBD295F9D626EC6FEB9EFFA5ADCFF2DF7BDD4BA803FBDBB835838383959BEEBAFB9EDCA3E973478F56769ECE9EEB3F116043EA94690C0AA7542AA5D1349D62D3B93CFDC11FCFE4AEFA898E15175F7CF1F5D75F5FF9E281F4E2D9B32FAFA72AFBACFE50BD587B87A517AB57D65EACBBA9C1E62B5DCC72875CAA73A24B52F0FE36B87ED52BBB96A3BF6B38D9D63DFF4B775EF7DA68B0F3BA17618E2DCEABBF0D5A53FDDA98471F3B947B344DABFAA0B99C08B0F1181D605DD2E97C7272328DA6D54F35A43DCE9E7D69CD55D9BC6E27AB5E5CFAE8B5FB69766FCB1E52833BE4525D8B7F42D6A60EAD4F27F777D503CE78FCEB3CCDCDDCDFC63BCCB8FF95EED6F5DE5EAFFAE2A9BD66E90F3936BAABF5FDADA6D6E78E1E6D4534ADEE3F7AEA063A94D101E850975E7A6975C134B4285D96CDCCCC24EFBCEBF2E23A6BE94EEA56694BEFDCE0CAA53735B6ECC134B5C9DA4E39BAABFFA7B8FD5D7AFDB21BAEE108F537FBF3D6B6E77FD987586957CB1E555E8DCEABBF0D5AD3D7D757B9FEE923475A114DBBBBBB2BFBCFE544808DC7E80074A2EA7718A44BA5CF7CE633E9BFE3E3E3D55B17977AC7DA56D587AB7DDCBA2B1B1FD2AA07BCEC9E5B7122813DAD55E8FED65E53F76F4DEE7DCFFEAB5776AD4C7F9BEA577B9EFF8CFF6166790975487F1BB7A6FAAEEC7D07EFCF3D97BEFADAF1CACE7DB529B0924E99C6006ABDF0C20BDDDDDD838383BDBDBDA3A3A3759F87BCB8D4FBD13AABE122B5D126D59F6B7F687C48AB1EF0D2DD66D96A0DA71CD5D03A85EE6FDD4EAA179B7D0DE8EF7A3ADBEAE77FD997CA4AAF9FEA012CFBDF6F5E8DCEA5BF8D5B33323252398BAFDD7A6BEED1F4E923472A3BEFEFEF5FFF89001B52A74C630075262626C6C6C696FDFEBDBCA24BB3D7AF945BCEAE162957BDA6763F4DA5A9F62F6DF3B2F1FADB5434CAB289FE66EC60BECF7F6DD65DF6BFC4A5FF492E1B8F736F715EFD6DD09ABD7BF756CE65E7CE4FE71E4D6FD9B3A7B2F3E1E1E15C4E04D8783A681A03C86871B5F7C23AAB76272BFD5CBDA67265EDBF75775E750F8DAF59F68C7239CDBA1D46B72E93CEEFEF728965957EADD4F11CBBBC49FADBE6E73FCBD13618078AD5DF999999CAF3D9D3D373E2E4A97CA3E995575E59D9791A8C5B7D22404115631A03A8757EB5776E769D55BB93957E6EB049537B58F59A651F3497D3ACDB6174EB3229687F1B1F76833DE4D5E84DD2DFF63CFF6B78FDB4AEB3EDEC6F6F6F6F25401E3870678EB9B4FAA5A6A9BADF2206A82AC63406506B71C1F77C5E55D9DB3BEFBD64B8E7D29F1BDF94E59ADA6358492E671ADDBA4C0ADADF8CAF812C2F0FFDCDD8A6963EFF4B3759C34B28C717737BFA3B3A3A5AF98F65EBD6AD39BE71FAC96BAEA9EC766868A80D6701145431A631805A8BABBD1FAEBFDE8D2B8DAEA9BBB5EE87A5375577B2AA95366F7CE53ACF37BA759914B1BF4BEFB374F3DC1BBA39FBDBB6E73FCB7FA4595E4239BE9EDBD09D52A954FDF6D15BF6ECC925973EF0E043D54E1D3E7CB80D6701145431A631805A8B4BBDA36BAE9AE5EC8A77C87E7DE35D657988A61E6E9D271EDDBA4C3ABCBF4BEF56BDE6BD6169F95EAF447FB39F66AB9FFF0677CBF2D26A708485E8EFBE7DFB2AA7D9DDDDBDFE6F9179EEE8D16AD6DDB56B577B4E0128A8624C6300B516D779CFA966AB50D125FEE92A5CE9EFC6AE76F677FBF6ED953099A6CA345BAE39979E38796AEBD6ADD55DCDCDCDB5ED1480222AC63406506B7169FBAC6AB60A155DE29FAEC295FE6EEC6A677F6767677B7A7AAA91F2D1C70EAD21971E7BF1A56A2EEDEEEE9E9A9A6ADBF10305558C690CA096A56DE72F6DD7437FF55785F7374D92D55F604E83E5D76EBDB5D9BF2FADFE1E6F6ADFBE7DED3C78A0A08A318D01D44A173AE7CE3DA39AAD024597F0E7AA88A5BF1BBBDADFDF898989EA7BA75D8B9FD97BD7DDF76479B3F4DAEBAEABFDD35CB914C8A818D31840ADC5A5ED0F54B355A8E812FF7415AEF4776357487F676666FAFAFA6A73661A506FBAE9E6A78F1C599A48BF76EBAD3B76ECA8BD739A6CFD1E2F905D31A631805A8B4BDB19D56C152ABAC43F5D852BFDDDD815D5DF52A9B47BF7EEEEEEEEAEE56CDBB66DA59B8687877DEE11D094624C6300B51697B6DF57CD56A1A24BFCD355B8D2DF8D5DB1FD4D43E6C8C8C8B21174A9818181E9E9E9C0A3050AAA18D31840ADEEEEEEB7DE7AFCDCB9EFA9A6AA28D1457FF55775667FCBE5F2F8F8789A51FBFBFBEBE2686F6FEFD0D0D06DB7DDE69D5260CDE287398066A56BA0E79FFFF6B973475453D5094BDB2CF4577F5571FB0BB0668639A078060707FF7DF2B673C9D32A7B7D7FE65B7D7D7DD1ADCB447FF55715B7BF006B269A02C5B377EFDED1D1EBC3178BC5AA7F18BB65646424BA7599E8AFFEAAE2F61760CD4453A078666767FBFA3EFC56F9D173C9532A630D0D7D62626222BA7599E8AFFEAAE2F61760CD4453A090769FB7EB5CF2A4CA52FF32FE57C3C383D14D6B82FEEAAF2A6E7F01D64634050AA95C2E0F0C7C7C7AFA9F92E409D5B8E6E60EF6F57DB8547A20BA694DD05FFD55C5ED2FC0DA88A64051CDCCCCF4F75F313333912487D54A95AE6BD30C3035F58DE876354D7FF55715B7BF006B209A0205363D3D9DAE6EF7EEFD8324795C2DAD8989AFF4F5F54E4DFD7D74A3D6487FF5773357D1FB0BD02CD11428B672B93C3A3A3230F0B1B1B13F9F9BBB37490EA952E9BFC6C7FF727878C7D0D040FA73748BD6457FF577B3D546EA2F405344536023989A9A1A19F9ED2D5B7EBE8BAEAE9E9E4B8687AF4E57B7D16DC98DFED6D2DF8D6DE3F5172023D11400008060A229000000C144530000008289A600000004134D01000008269A020000104C340500002098680A00004030D11400008060A229000000C144530000008289A600000004134D01000008269A020000104C340500002098680A00004030D11400008060A229000000C144530000008289A600000004134D01000008269A020000104C340500002098680A00004030D11400008060A229000000C144530000008289A600000004134D01000008269A020000104C340500002098680A00004030D11400008060A229000000C144530000008289A600000004134D01000008269A020000104C340500002098680A00004030D11400008060A229000000C144530000008289A600000004134D01000008269A020000104C340500002098680A00004030D11400008060A229000000C144530000008289A600000004134D01000008269A020000104C340500002098680A00004030D11400008060A229000000C144530000008289A600000004134D01000008269A020000104C340500002098680A00004030D11400008060A229000000C144530000008289A600000004134D01000008269A020000104C340500002098680A00004030D11400008060A229000000C144530000008289A600000004134D01000008269A020000104C340500002098680A00004030D11400008060A229000000C144530000008289A600000004134D01000008269A020000104C340500002098680A00004030D11400008060A229000000C144530000008289A600000004134D01000008269A020000104C340500002098680A00004030D11400008060A229000000C144530000008289A600000004134D01000008269A020000104C340500002098680A00004030D11400008060A229000000C144530000008289A600000004134D01000008269A020000104C340500002098680A00004030D11400008060A229000000C144530000008289A600000004134D01000008269A020000104C340500002098680A00004030D11400008060A229000000C144530000008289A600000004134D01000008269A020000104C340500002098680A00004030D11400008060A229000000C144530000008289A600000004134D01000008269A020000104C340500002098680A00004030D11400008060A229000000C144530000008289A600000004134D01000008269A020000104C340500002098680A00004030D11400008060A229000000C144530000008289A600000004134D01000008269A020000104C340500002098680A00004030D11400008060A229000000C144530000008289A600000004134D01000008269A020000104C340500002098680A00004030D11400008060A229000000C144530000008289A600000004134D01000008269A020000104C340500002098680A00004030D11400008060A229000000C144530000008289A600000004134D01000008269A020000104C340500002098680A00004030D11400008060A229000000C144530000008289A600000004134D01000008269A020000104C340500002098680A00004030D11400008060A229000000C144530000008289A600000004134D01000008269A020000104C340500002098680A00004030D11400008060A229000000C144530000008289A600000004134D01000008269A020000104C340500002098680A00004030D11400008060A229000000C144530000008289A600000004134D01000008269A020000104C340500002098680A00004030D11400008060A229000000C144530000008289A600000004134D01000008269A020000104C340500002098680A00004030D11400008060A229000000C144530000008289A600000004134D01000008269A020000104C340500002098680A00004030D11400008060A229000000C144530000008289A600000004134D01000008269A020000104C340500002098680A00004030D11400008060A229000000C144530000008289A600000004134D01000008269A020000104C340500002098680A00004030D11400008060A229000000C144530000008289A600000004134D01000008269A020000104C340500002098680A00004030D11400008060A229000000C144530000008289A600000004134D01000008269A020000104C340500002098680A00004030D11400008060A229000000C144530000008289A600000004134D01000008269A020000104C340500002098680A00004030D11400008060A229000000C144530000008289A600000004134D01000008269A020000104C340500002098680A00004030D11400008060A229000000C144530000008289A600000004134D01000008269A020000104C340500002098680A00004030D11400008060A229000000C144530000008289A600000004134D01000008269A020000104C340500002098680A00004030D11400008060A229000000C144530000008289A600000004134D01000008269A020000104C340500002098680A00004030D11400008060A229000000C144530000008289A600000004134D01000008269A020000104C340500002098680A00004030D11400008060A229000000C144530000008289A600000004134D01000008269A020000104C340500002098680A00004030D11400008060A229000000C144530000008289A600000004134D01000008269A020000104C340500002098680A00004030D11400008060A229000000C144530000008289A600000004134D01000008269A020000104C340500002098680A00004030D11400008060A229000000C144530000008289A600000004134D01000008269A020000104C340500002098680A00004030D11400008060A229000000C144530000008289A600000004134D01000008269A020000104C340500002098680A00004030D11400008060A229000000C144530000008289A600000004134D01000008269A020000104C340500002098680A00004030D11400008060A229000000C144530000008289A600000004134D01000008269A020000104C340500002098680A00004030D11400008060A229000000C144530000008289A600000004134D01000008269A020000104C340500002098680A00004030D11400008060A229000000C144530000008289A600000004134D01000008269A020000104C340500002098680A00004030D11400008060A229000000C144530000008289A600000004134D01000008269A02000010ECFF0360E0209B704667440000000049454E44AE426082, '0');
INSERT INTO `ACT_GE_BYTEARRAY` VALUES ('1003', '1', 'transfer2.bpmn', '1001', 0x3C3F786D6C2076657273696F6E3D22312E302220656E636F64696E673D225554462D38223F3E0A3C646566696E6974696F6E7320786D6C6E733D22687474703A2F2F7777772E6F6D672E6F72672F737065632F42504D4E2F32303130303532342F4D4F44454C2220786D6C6E733A7873693D22687474703A2F2F7777772E77332E6F72672F323030312F584D4C536368656D612D696E7374616E63652220786D6C6E733A61637469766974693D22687474703A2F2F61637469766974692E6F72672F62706D6E2220786D6C6E733A62706D6E64693D22687474703A2F2F7777772E6F6D672E6F72672F737065632F42504D4E2F32303130303532342F44492220786D6C6E733A6F6D6764633D22687474703A2F2F7777772E6F6D672E6F72672F737065632F44442F32303130303532342F44432220786D6C6E733A6F6D6764693D22687474703A2F2F7777772E6F6D672E6F72672F737065632F44442F32303130303532342F44492220747970654C616E67756167653D22687474703A2F2F7777772E77332E6F72672F323030312F584D4C536368656D61222065787072657373696F6E4C616E67756167653D22687474703A2F2F7777772E77332E6F72672F313939392F585061746822207461726765744E616D6573706163653D22687474703A2F2F7777772E61637469766974692E6F72672F74657374223E0A20203C70726F636573732069643D227472616E7366657222206E616D653D22E789A9E6B581E9858DE98081E6B581E7A88B2220697345786563757461626C653D2274727565223E0A202020203C73746172744576656E742069643D2273746172746576656E743122206E616D653D225374617274223E3C2F73746172744576656E743E0A202020203C757365725461736B2069643D22636865636B576F726B4F726465724D616E61676522206E616D653D22E5AEA1E6A0B8E5B7A5E4BD9CE58D95222061637469766974693A63616E64696461746547726F7570733D22E4B89AE58AA1E59198223E3C2F757365725461736B3E0A202020203C73657175656E6365466C6F772069643D22666C6F77312220736F757263655265663D2273746172746576656E743122207461726765745265663D22636865636B576F726B4F726465724D616E616765223E3C2F73657175656E6365466C6F773E0A202020203C757365725461736B2069643D226F757453746F726522206E616D653D22E8B4A7E789A9E587BAE5BA93222061637469766974693A63616E64696461746547726F7570733D22E4BB93E5BA93E7AEA1E79086E59198223E3C2F757365725461736B3E0A202020203C757365725461736B2069643D227472616E73666572476F6F647322206E616D653D22E8B4A7E789A9E9858DE98081222061637469766974693A63616E64696461746547726F7570733D22E58F96E6B4BEE59198223E3C2F757365725461736B3E0A202020203C73657175656E6365466C6F772069643D22666C6F77332220736F757263655265663D226F757453746F726522207461726765745265663D227472616E73666572476F6F6473223E3C2F73657175656E6365466C6F773E0A202020203C757365725461736B2069643D227265636569766522206E616D653D22E9858DE98081E7ADBEE694B6222061637469766974693A63616E64696461746547726F7570733D22E58F96E6B4BEE59198223E3C2F757365725461736B3E0A202020203C73657175656E6365466C6F772069643D22666C6F77342220736F757263655265663D227472616E73666572476F6F647322207461726765745265663D2272656365697665223E3C2F73657175656E6365466C6F773E0A202020203C656E644576656E742069643D22656E646576656E743122206E616D653D22456E64223E3C2F656E644576656E743E0A202020203C73657175656E6365466C6F772069643D22666C6F77352220736F757263655265663D227265636569766522207461726765745265663D22656E646576656E7431223E3C2F73657175656E6365466C6F773E0A202020203C6578636C7573697665476174657761792069643D22636865636B5965734F724E6F22206E616D653D224578636C75736976652047617465776179223E3C2F6578636C7573697665476174657761793E0A202020203C73657175656E6365466C6F772069643D22666C6F77362220736F757263655265663D22636865636B576F726B4F726465724D616E61676522207461726765745265663D22636865636B5965734F724E6F223E3C2F73657175656E6365466C6F773E0A202020203C73657175656E6365466C6F772069643D22666C6F77372220736F757263655265663D22636865636B5965734F724E6F22207461726765745265663D226F757453746F7265223E0A2020202020203C636F6E646974696F6E45787072657373696F6E207873693A747970653D2274466F726D616C45787072657373696F6E223E3C215B43444154415B247B636865636B3D3D317D5D5D3E3C2F636F6E646974696F6E45787072657373696F6E3E0A202020203C2F73657175656E6365466C6F773E0A202020203C73657175656E6365466C6F772069643D22666C6F77382220736F757263655265663D22636865636B5965734F724E6F22207461726765745265663D22656E646576656E7431223E0A2020202020203C636F6E646974696F6E45787072657373696F6E207873693A747970653D2274466F726D616C45787072657373696F6E223E3C215B43444154415B247B636865636B3D3D307D5D5D3E3C2F636F6E646974696F6E45787072657373696F6E3E0A202020203C2F73657175656E6365466C6F773E0A20203C2F70726F636573733E0A20203C62706D6E64693A42504D4E4469616772616D2069643D2242504D4E4469616772616D5F7472616E73666572223E0A202020203C62706D6E64693A42504D4E506C616E652062706D6E456C656D656E743D227472616E73666572222069643D2242504D4E506C616E655F7472616E73666572223E0A2020202020203C62706D6E64693A42504D4E53686170652062706D6E456C656D656E743D2273746172746576656E7431222069643D2242504D4E53686170655F73746172746576656E7431223E0A20202020202020203C6F6D6764633A426F756E6473206865696768743D2233352E30222077696474683D2233352E302220783D2233302E302220793D223132302E30223E3C2F6F6D6764633A426F756E64733E0A2020202020203C2F62706D6E64693A42504D4E53686170653E0A2020202020203C62706D6E64693A42504D4E53686170652062706D6E456C656D656E743D22636865636B576F726B4F726465724D616E616765222069643D2242504D4E53686170655F636865636B576F726B4F726465724D616E616765223E0A20202020202020203C6F6D6764633A426F756E6473206865696768743D2235352E30222077696474683D223130352E302220783D223131302E302220793D223131302E30223E3C2F6F6D6764633A426F756E64733E0A2020202020203C2F62706D6E64693A42504D4E53686170653E0A2020202020203C62706D6E64693A42504D4E53686170652062706D6E456C656D656E743D226F757453746F7265222069643D2242504D4E53686170655F6F757453746F7265223E0A20202020202020203C6F6D6764633A426F756E6473206865696768743D2235352E30222077696474683D223130352E302220783D223430332E302220793D223137302E30223E3C2F6F6D6764633A426F756E64733E0A2020202020203C2F62706D6E64693A42504D4E53686170653E0A2020202020203C62706D6E64693A42504D4E53686170652062706D6E456C656D656E743D227472616E73666572476F6F6473222069643D2242504D4E53686170655F7472616E73666572476F6F6473223E0A20202020202020203C6F6D6764633A426F756E6473206865696768743D2235352E30222077696474683D223130352E302220783D223536332E302220793D223137302E30223E3C2F6F6D6764633A426F756E64733E0A2020202020203C2F62706D6E64693A42504D4E53686170653E0A2020202020203C62706D6E64693A42504D4E53686170652062706D6E456C656D656E743D2272656365697665222069643D2242504D4E53686170655F72656365697665223E0A20202020202020203C6F6D6764633A426F756E6473206865696768743D2235352E30222077696474683D223130352E302220783D223732332E302220793D223137302E30223E3C2F6F6D6764633A426F756E64733E0A2020202020203C2F62706D6E64693A42504D4E53686170653E0A2020202020203C62706D6E64693A42504D4E53686170652062706D6E456C656D656E743D22656E646576656E7431222069643D2242504D4E53686170655F656E646576656E7431223E0A20202020202020203C6F6D6764633A426F756E6473206865696768743D2233352E30222077696474683D2233352E302220783D223836302E302220793D223138302E30223E3C2F6F6D6764633A426F756E64733E0A2020202020203C2F62706D6E64693A42504D4E53686170653E0A2020202020203C62706D6E64693A42504D4E53686170652062706D6E456C656D656E743D22636865636B5965734F724E6F222069643D2242504D4E53686170655F636865636B5965734F724E6F223E0A20202020202020203C6F6D6764633A426F756E6473206865696768743D2234302E30222077696474683D2234302E302220783D223235302E302220793D223131372E30223E3C2F6F6D6764633A426F756E64733E0A2020202020203C2F62706D6E64693A42504D4E53686170653E0A2020202020203C62706D6E64693A42504D4E456467652062706D6E456C656D656E743D22666C6F7731222069643D2242504D4E456467655F666C6F7731223E0A20202020202020203C6F6D6764693A776179706F696E7420783D2236352E302220793D223133372E30223E3C2F6F6D6764693A776179706F696E743E0A20202020202020203C6F6D6764693A776179706F696E7420783D223131302E302220793D223133372E30223E3C2F6F6D6764693A776179706F696E743E0A2020202020203C2F62706D6E64693A42504D4E456467653E0A2020202020203C62706D6E64693A42504D4E456467652062706D6E456C656D656E743D22666C6F7733222069643D2242504D4E456467655F666C6F7733223E0A20202020202020203C6F6D6764693A776179706F696E7420783D223530382E302220793D223139372E30223E3C2F6F6D6764693A776179706F696E743E0A20202020202020203C6F6D6764693A776179706F696E7420783D223536332E302220793D223139372E30223E3C2F6F6D6764693A776179706F696E743E0A2020202020203C2F62706D6E64693A42504D4E456467653E0A2020202020203C62706D6E64693A42504D4E456467652062706D6E456C656D656E743D22666C6F7734222069643D2242504D4E456467655F666C6F7734223E0A20202020202020203C6F6D6764693A776179706F696E7420783D223636382E302220793D223139372E30223E3C2F6F6D6764693A776179706F696E743E0A20202020202020203C6F6D6764693A776179706F696E7420783D223732332E302220793D223139372E30223E3C2F6F6D6764693A776179706F696E743E0A2020202020203C2F62706D6E64693A42504D4E456467653E0A2020202020203C62706D6E64693A42504D4E456467652062706D6E456C656D656E743D22666C6F7735222069643D2242504D4E456467655F666C6F7735223E0A20202020202020203C6F6D6764693A776179706F696E7420783D223832382E302220793D223139372E30223E3C2F6F6D6764693A776179706F696E743E0A20202020202020203C6F6D6764693A776179706F696E7420783D223836302E302220793D223139372E30223E3C2F6F6D6764693A776179706F696E743E0A2020202020203C2F62706D6E64693A42504D4E456467653E0A2020202020203C62706D6E64693A42504D4E456467652062706D6E456C656D656E743D22666C6F7736222069643D2242504D4E456467655F666C6F7736223E0A20202020202020203C6F6D6764693A776179706F696E7420783D223231352E302220793D223133372E30223E3C2F6F6D6764693A776179706F696E743E0A20202020202020203C6F6D6764693A776179706F696E7420783D223235302E302220793D223133372E30223E3C2F6F6D6764693A776179706F696E743E0A2020202020203C2F62706D6E64693A42504D4E456467653E0A2020202020203C62706D6E64693A42504D4E456467652062706D6E456C656D656E743D22666C6F7737222069643D2242504D4E456467655F666C6F7737223E0A20202020202020203C6F6D6764693A776179706F696E7420783D223237302E302220793D223135372E30223E3C2F6F6D6764693A776179706F696E743E0A20202020202020203C6F6D6764693A776179706F696E7420783D223237302E302220793D223139372E30223E3C2F6F6D6764693A776179706F696E743E0A20202020202020203C6F6D6764693A776179706F696E7420783D223430332E302220793D223139372E30223E3C2F6F6D6764693A776179706F696E743E0A2020202020203C2F62706D6E64693A42504D4E456467653E0A2020202020203C62706D6E64693A42504D4E456467652062706D6E456C656D656E743D22666C6F7738222069643D2242504D4E456467655F666C6F7738223E0A20202020202020203C6F6D6764693A776179706F696E7420783D223237302E302220793D223131372E30223E3C2F6F6D6764693A776179706F696E743E0A20202020202020203C6F6D6764693A776179706F696E7420783D223237302E302220793D2238302E30223E3C2F6F6D6764693A776179706F696E743E0A20202020202020203C6F6D6764693A776179706F696E7420783D223333352E302220793D2238302E30223E3C2F6F6D6764693A776179706F696E743E0A20202020202020203C6F6D6764693A776179706F696E7420783D223538332E302220793D2238302E30223E3C2F6F6D6764693A776179706F696E743E0A20202020202020203C6F6D6764693A776179706F696E7420783D223837372E302220793D2238302E30223E3C2F6F6D6764693A776179706F696E743E0A20202020202020203C6F6D6764693A776179706F696E7420783D223837372E302220793D223138302E30223E3C2F6F6D6764693A776179706F696E743E0A2020202020203C2F62706D6E64693A42504D4E456467653E0A202020203C2F62706D6E64693A42504D4E506C616E653E0A20203C2F62706D6E64693A42504D4E4469616772616D3E0A3C2F646566696E6974696F6E733E, '0');
INSERT INTO `ACT_GE_BYTEARRAY` VALUES ('1103', '1', 'var-业务数据', null, 0xACED000573720022636F6D2E7771702E626F732E646F6D61696E2E576F726B6F726465726D616E6167654D8582BC18317EBB0200144C00086163746C776569747400124C6A6176612F6C616E672F446F75626C653B4C000A617272697665636974797400124C6A6176612F6C616E672F537472696E673B4C000A6665656974656D6E756D7400134C6A6176612F6C616E672F496E74656765723B4C0009666C6F61647265717271007E00024C0002696471007E00024C000C6D616E61676572436865636B71007E00024C00036E756D71007E00034C000D70726F6474696D656C696D697471007E00024C000870726F647479706571007E00024C000770726F6475637471007E00024C000C72656365697665726164647271007E00024C000C72656365697665726E616D6571007E00024C000D726563656976657270686F6E6571007E00024C000A73656E6465726164647271007E00024C000A73656E6465726E616D6571007E00024C000B73656E64657270686F6E6571007E00024C0005737461727471007E00024C000A75706461746574696D657400104C6A6176612F7574696C2F446174653B4C0003766F6C71007E00024C000677656967687471007E000178707074000231317074000131740002313170737200116A6176612E6C616E672E496E746567657212E2A0A4F781873802000149000576616C7565787200106A6176612E6C616E672E4E756D62657286AC951D0B94E08B02000078700000000B7070740002313170707070707074000131737200126A6176612E73716C2E54696D657374616D702618D5C80153BF650200014900056E616E6F737872000E6A6176612E7574696C2E44617465686A81014B5974190300007870770800000162ADED9F70780000000070737200106A6176612E6C616E672E446F75626C6580B3C24A296BFB0402000144000576616C75657871007E000A3FF0000000000000, null);
INSERT INTO `ACT_GE_BYTEARRAY` VALUES ('1105', '1', 'hist.var-业务数据', null, 0xACED000573720022636F6D2E7771702E626F732E646F6D61696E2E576F726B6F726465726D616E6167654D8582BC18317EBB0200144C00086163746C776569747400124C6A6176612F6C616E672F446F75626C653B4C000A617272697665636974797400124C6A6176612F6C616E672F537472696E673B4C000A6665656974656D6E756D7400134C6A6176612F6C616E672F496E74656765723B4C0009666C6F61647265717271007E00024C0002696471007E00024C000C6D616E61676572436865636B71007E00024C00036E756D71007E00034C000D70726F6474696D656C696D697471007E00024C000870726F647479706571007E00024C000770726F6475637471007E00024C000C72656365697665726164647271007E00024C000C72656365697665726E616D6571007E00024C000D726563656976657270686F6E6571007E00024C000A73656E6465726164647271007E00024C000A73656E6465726E616D6571007E00024C000B73656E64657270686F6E6571007E00024C0005737461727471007E00024C000A75706461746574696D657400104C6A6176612F7574696C2F446174653B4C0003766F6C71007E00024C000677656967687471007E000178707074000231317074000131740002313170737200116A6176612E6C616E672E496E746567657212E2A0A4F781873802000149000576616C7565787200106A6176612E6C616E672E4E756D62657286AC951D0B94E08B02000078700000000B7070740002313170707070707074000131737200126A6176612E73716C2E54696D657374616D702618D5C80153BF650200014900056E616E6F737872000E6A6176612E7574696C2E44617465686A81014B5974190300007870770800000162ADED9F70780000000070737200106A6176612E6C616E672E446F75626C6580B3C24A296BFB0402000144000576616C75657871007E000A3FF0000000000000, null);
INSERT INTO `ACT_GE_BYTEARRAY` VALUES ('1431', '1', 'qingjia.bpmn', '1430', 0x3C3F786D6C2076657273696F6E3D22312E302220656E636F64696E673D225554462D38223F3E0A3C646566696E6974696F6E7320786D6C6E733D22687474703A2F2F7777772E6F6D672E6F72672F737065632F42504D4E2F32303130303532342F4D4F44454C2220786D6C6E733A7873693D22687474703A2F2F7777772E77332E6F72672F323030312F584D4C536368656D612D696E7374616E63652220786D6C6E733A61637469766974693D22687474703A2F2F61637469766974692E6F72672F62706D6E2220786D6C6E733A62706D6E64693D22687474703A2F2F7777772E6F6D672E6F72672F737065632F42504D4E2F32303130303532342F44492220786D6C6E733A6F6D6764633D22687474703A2F2F7777772E6F6D672E6F72672F737065632F44442F32303130303532342F44432220786D6C6E733A6F6D6764693D22687474703A2F2F7777772E6F6D672E6F72672F737065632F44442F32303130303532342F44492220747970654C616E67756167653D22687474703A2F2F7777772E77332E6F72672F323030312F584D4C536368656D61222065787072657373696F6E4C616E67756167653D22687474703A2F2F7777772E77332E6F72672F313939392F585061746822207461726765744E616D6573706163653D22687474703A2F2F7777772E61637469766974692E6F72672F74657374223E0A20203C70726F636573732069643D2271696E676A6961696422206E616D653D2271696E676A69616E616D652220697345786563757461626C653D2274727565223E0A202020203C73746172744576656E742069643D2273746172746576656E743122206E616D653D225374617274223E3C2F73746172744576656E743E0A202020203C757365725461736B2069643D22757365727461736B3122206E616D653D2262616E677A6875222061637469766974693A61737369676E65653D226C6872223E3C2F757365725461736B3E0A202020203C73657175656E6365466C6F772069643D22666C6F77312220736F757263655265663D2273746172746576656E743122207461726765745265663D22757365727461736B31223E3C2F73657175656E6365466C6F773E0A202020203C757365725461736B2069643D22757365727461736B3222206E616D653D2277756C696E6D656E677A6875222061637469766974693A61737369676E65653D22777170223E3C2F757365725461736B3E0A202020203C73657175656E6365466C6F772069643D22666C6F77322220736F757263655265663D22757365727461736B3122207461726765745265663D22757365727461736B32223E3C2F73657175656E6365466C6F773E0A202020203C656E644576656E742069643D22656E646576656E743122206E616D653D22456E64223E3C2F656E644576656E743E0A202020203C73657175656E6365466C6F772069643D22666C6F77332220736F757263655265663D22757365727461736B3222207461726765745265663D22656E646576656E7431223E3C2F73657175656E6365466C6F773E0A20203C2F70726F636573733E0A20203C62706D6E64693A42504D4E4469616772616D2069643D2242504D4E4469616772616D5F71696E676A69616964223E0A202020203C62706D6E64693A42504D4E506C616E652062706D6E456C656D656E743D2271696E676A69616964222069643D2242504D4E506C616E655F71696E676A69616964223E0A2020202020203C62706D6E64693A42504D4E53686170652062706D6E456C656D656E743D2273746172746576656E7431222069643D2242504D4E53686170655F73746172746576656E7431223E0A20202020202020203C6F6D6764633A426F756E6473206865696768743D2233352E30222077696474683D2233352E302220783D223334302E302220793D223232302E30223E3C2F6F6D6764633A426F756E64733E0A2020202020203C2F62706D6E64693A42504D4E53686170653E0A2020202020203C62706D6E64693A42504D4E53686170652062706D6E456C656D656E743D22757365727461736B31222069643D2242504D4E53686170655F757365727461736B31223E0A20202020202020203C6F6D6764633A426F756E6473206865696768743D2235352E30222077696474683D223130352E302220783D223432302E302220793D223231302E30223E3C2F6F6D6764633A426F756E64733E0A2020202020203C2F62706D6E64693A42504D4E53686170653E0A2020202020203C62706D6E64693A42504D4E53686170652062706D6E456C656D656E743D22757365727461736B32222069643D2242504D4E53686170655F757365727461736B32223E0A20202020202020203C6F6D6764633A426F756E6473206865696768743D2235352E30222077696474683D223130352E302220783D223537302E302220793D223231302E30223E3C2F6F6D6764633A426F756E64733E0A2020202020203C2F62706D6E64693A42504D4E53686170653E0A2020202020203C62706D6E64693A42504D4E53686170652062706D6E456C656D656E743D22656E646576656E7431222069643D2242504D4E53686170655F656E646576656E7431223E0A20202020202020203C6F6D6764633A426F756E6473206865696768743D2233352E30222077696474683D2233352E302220783D223732302E302220793D223232302E30223E3C2F6F6D6764633A426F756E64733E0A2020202020203C2F62706D6E64693A42504D4E53686170653E0A2020202020203C62706D6E64693A42504D4E456467652062706D6E456C656D656E743D22666C6F7731222069643D2242504D4E456467655F666C6F7731223E0A20202020202020203C6F6D6764693A776179706F696E7420783D223337352E302220793D223233372E30223E3C2F6F6D6764693A776179706F696E743E0A20202020202020203C6F6D6764693A776179706F696E7420783D223432302E302220793D223233372E30223E3C2F6F6D6764693A776179706F696E743E0A2020202020203C2F62706D6E64693A42504D4E456467653E0A2020202020203C62706D6E64693A42504D4E456467652062706D6E456C656D656E743D22666C6F7732222069643D2242504D4E456467655F666C6F7732223E0A20202020202020203C6F6D6764693A776179706F696E7420783D223532352E302220793D223233372E30223E3C2F6F6D6764693A776179706F696E743E0A20202020202020203C6F6D6764693A776179706F696E7420783D223537302E302220793D223233372E30223E3C2F6F6D6764693A776179706F696E743E0A2020202020203C2F62706D6E64693A42504D4E456467653E0A2020202020203C62706D6E64693A42504D4E456467652062706D6E456C656D656E743D22666C6F7733222069643D2242504D4E456467655F666C6F7733223E0A20202020202020203C6F6D6764693A776179706F696E7420783D223637352E302220793D223233372E30223E3C2F6F6D6764693A776179706F696E743E0A20202020202020203C6F6D6764693A776179706F696E7420783D223732302E302220793D223233372E30223E3C2F6F6D6764693A776179706F696E743E0A2020202020203C2F62706D6E64693A42504D4E456467653E0A202020203C2F62706D6E64693A42504D4E506C616E653E0A20203C2F62706D6E64693A42504D4E4469616772616D3E0A3C2F646566696E6974696F6E733E, '0');
INSERT INTO `ACT_GE_BYTEARRAY` VALUES ('1432', '1', 'qingjia.png', '1430', 0x89504E470D0A1A0A0000000D49484452000004DE0000025F08020000002FAF8C3600001EDE49444154789CEDDD7F6CDCF77DDF71225D060658600DEB1663FF98C5FE30816C136B1790F4CFC40C58C4015B4C60814D278342209022A0986C0C432AAC9015ACD68461F188A131D4AD51590FEE38143208D4E6B4C64E984476B5D896E5384A184B8AE95FA91259093DCB36AD9FB72FEFA813455214291DEFF53DDDE3810F8CD39177E4F7FB06BEF77DFA8E771D1500000088EA48FF02000000B43B690A0000409834050000204C9A02000010264D0100000893A6000000844953000000C2A42900000061D21400008030690A0000409834050000204C9A02000010264D0100000893A6000000844953000000C2A42900000061D21400008030690A0000409834050000204C9A02000010264D0100000893A6000000844953000000C2A42900000061D21400008030690A0000409834050000204C9A02000010264D0100000893A6000000844953000000C2A42900000061D21400008030690A0000409834050000204C9A02000010264D0100000893A6000000844953000000C2A42900000061D21400008030690A0000409834050000204C9A02000010264D0100000893A6000000844953000000C2A42900000061D21400008030690A0000409834050000204C9A02000010264D0100000893A6000000844953000000C2A42900000061D21400008030690A0000409834050000204C9A02000010264D0100000893A6000000844953000000C2A42900000061D21400008030690A0000409834050000204C9A02000010264D0100000893A6000000844953000000C2A42900000061D21400008030690A0000409834050000204C9A02000010264D0100000893A6000000844953000000C2A42900000061D21400008030690A0000409834050000204C9A02000010264D0100000893A6000000844953000000C2A42900000061D21400008030690A0000409834050000204C9A02000010264D0100000893A6000000844953000000C2A42900000061D21400008030690A0000409834050000204C9A02000010264D0100000893A6000000844953000000C2A42900000061D21400008030690A0000409834050000204C9A02000010264D0100000893A6000000844953000000C2A42900000061D21400008030690A0000409834050000204C9A02000010264D0100000893A6000000844953000000C2A42900000061D21400008030690A0000409834050000204C9A02000010264D0100000893A6000000844953000000C2A42900000061D21400008030690A0000409834050000204C9A02000010264D0100000893A6000000844953000000C2A42900000061D21400008030690A0000409834050000204C9A02000010264D0100000893A6000000844953000000C2A42900000061D21400008030690A0000409834050000204C9A02000010264D0100000893A6000000844953000000C2A42900000061D21400008030690A0000409834050000204C9A02000010264D0100000893A6000000844953000000C2A42900000061D21400008030690A0000409834050000204C9A02000010264D0100000893A6000000844953000000C2A42900000061D21400008030690A0000409834050000204C9A02000010264D0100000893A6000000844953000000C2A42900000061D21400008030690A0000409834050000204C9A02000010264D0100000893A6000000844953000000C2A42900000061D21400008030690A0000409834050000204C9A02000010264D0100000893A6000000844953000000C2A42900000061D21400008030690A0000409834050000204C9A02000010264D0100000893A6000000844953000000C2A42900000061D21400008030690A0000409834050000204C9A02000010264D0100000893A6000000844953000000C2A42900000061D21400008030690AB4A9E9E9E9919191818181DEDEDEAEAEAE8E76556C7BB107FAFBFB878787A7A6A6D263590113AC69DD0902C05CD2146847070E1C284EE88BAA79FCF1C79F7EE699E3274E9C3B7FBE3D57B1EDC51ED8BF7FFFE6CD9B8B7D52E44D7A38CB6282AD3E410098479A02ED656A6A6A707070D3A64D6FBEF5E6B9F3E7ACB9EBD43BA78ABC2976CEC99327D383BA26136CF50902C0A2A429D0468AAAE9E9E9F9E6BE3F3E77FEAC75ADF5E4534FAE5BB76E7272323DAE459860AB4F1000AE459A026D647070B05A351F594BAFA79FF9D6C68DFF243DAE459860AB4F1000AE459A02EDE2C081039B367DF6FC85696B39EBABBFF7EF76EFFE83F4D0AE6282AD3E410058823405DAC2F4F4745757D75B6F4F9EBFF0A1B59C75E6FD5FAF5DFB8F272626D2A39B6582AD3E4100589A3405DAC2F0F0F0E0E0E0F90B1FD4D767FAFEC5323F9C63EEADDA6AEDDEFD1F76ECD8911EDD2C136CF50902C0D2A429D016FAFBFBF73FF1BFAE54CD6737FD75A5F2FAC5CAB1F3951F9FADBC7CB6F2C2990B434F7CFB2FDF7EF707E72AFF77BAF283E9CAC10F2ADFFAA8F25F0FBEB275DB57E28D11592F1E3ED4D3D3931EDD2C136CF50902C0D2A429D016BABBBB8F1E7DE9FC85F76BABA3A3E34CA5F2FEA5CABB172ABF3A57F9A052F9B7FFFEA18E8FFDADF59FED7FFB7CE5CDB395373FAA4C4E578E5FA8FCF95FBD5C7DDAEDFD365C67DE3FDDD9D9991EDD2C136CF50902C0D2A429704DD3D3D3A3A3A3BB76EDEAEFEFEFBDACAFAFAFB8666464646A6A2AFD0BAEC09A356BDE39FDF6F90B676AAB68950F2E56CE5E9CF9D2854B33FFFD8BB1FFF3F7FFC13FFCFD87BF7EA15279EF42E5DDF3955F9DAF145BF8ADE77F580D9B33EDB98A6DCF0EAECE045B7D82CBB1C431677878D887B502DCDA5AE9110B689AE2ECB0381DECECEC2C4E108B93C2FDFB9F78FA996FD7D6934F8DEDDCF9D0C0C040910AEBD7AF2FCE17D3BFECB254E3E4BDFA2AFEF9FE85CAE90F2BE72ECE7E4351DAFFE50FFFE80FFEF31FBEF9F399D3DFF3972AE7AAC1F3DC8B2FCFBB6D5BADF2848D09B6FA0497561C738AA3CD75FF6CB8A7A767EFDEBD45C1A67F5F001AAF351EB180A63972E4486F6F6F718E5824E8B9F317965E079F7D6EF3E62F15278BE3E3E3E95FFC3AAA71F2FFEA6B266C2E564E7D50F9C599CAF94AE5DCD9B3DD77DED9D1F11B1D1D9D9FBF7FF3DC1BBE70F8A579B76DAB559EB031C1569FE0B514478FF5EBD72FF31DAD6ABABABA8A944DFFE2003458D91FB18066DAB3674FD1994F3FF3EDEB46E9DCF5C28B87376EDCB86DDBB6323F95518D9377EBABF672D0D31F567EFE5EE5971F555E38FAB34F7DEA53BFF137FEE6276EFBCD812F5C1536CFBF7878DE6DDB6A95276C4CB0D527B85071C4181C1C5CF8BCE857BFFA7B735FA951AC9D3B1FDAB469D3BCEFECEFEF6FAD3F2B006069E57DC4029AA938471C1818D8B163C78AA274EEFAC6A38FF6F6F696F68FC1AA7132555FC53F3FBC54F9D5F4CC736EA73EAA3CF3FCC43F5A7BF76FFEDDBF77DB9ABFFD478FFDF94795CA99B3950FCECEDCF0E0A1E7E7DDB6AD5679C2C6045B7D82F314C78A794F966EDFFEC0F113279638C89C7AE774719CB9FDF6DBE73E7D7AE4C891F4A600D018257DC4029AA9E8D2E21C716464E486BBB4FEFADEE27E262727D31BB488E22CF6C2855FD757ED7CBD689B77CF577E7DAEF2F3F7CE3FF7CAE4DABB7EE733FFEC9FFFF26CE517D3955F4E574E9FAD146973F007CFCFBB6D5BADF2848D09B6FA04E72A8E124555D60BB3AFAF6FE9289D17A83B773E54BF6D6767E7A14387D21B04400394F1110B68B28181819BEFD2FA8B7B8B3A2DE12B7BE7C549EF6736FEF027C75E7865E2D09189670F4F3CFBD2ABCFFDF0C4777EF0E3BF7AE5B5EF1D7EF5FB877FFAEC4B3F3DF4F2ABAF1C7BE3D1FFB6EFDEFBEE8D0786B031C1569F605DEDFF85D5DBF2E1DDBB6FE050F3F8E37F564469FDB9D3D2BE5E0380E52BDD2316D0647BF6ECB999D7F12E5CFBF73FD1DFDF9FDEACF9AA61F3ABB9EB777FF72BD779AF95AA7FF5F9CFCFBB615BADF2848D09B6FA04EB060606EAD3290E1737F33FC2D6AC5953BB9FDEDEDEF4660170B34AF7880534D39123477A7A7A1AD8A5B5B575EB57F6EEDD9BDEB8AB54C3E6B4B5D2559EB031C1569F60CDE8E8E84D3E5F3A773DF9D458FDDE868686D21B07C04D29D72316D0644597BEF0E2E186A7E99B6FBD7DC71D5DA57A59EF4CD85C7CC75AE92A4FD89860AB4FB0A638E6D44AB2AFAFAF21479BFADF9DDE7EFBEDA53AE600B052E57AC4029AA9F619F70DEFD2DADABEFD81523D89510D9B53D64A5779C2C6045B7D82859191915A46767676BEF9D6DB0D39D4BC77E6FDFA7BF63EF8E083E94D04E0C695E8110B68B2DEDEDE957E84E98A9E382DCE17D39B7845356C7E69AD7495276C4CB0D52758A91E736A0DB97DFB030D3CDA7C73DFBEDADDAE59B326BD8900DCB8123D6201CD343535559CC6AD5297D6D6BA75EBCAF3A10ED5B0F985B5D2559EB031C1569F6071CCA9FF5D68A39E32ADAF3BEEE8AADDF3F8F8787A4301B8416579C4029A6C78787870707055D3F4E1DDBB77ECD8D1CC8D1A1919B9D6A7AA56C3E6A4B5D2D5E4B031C15B7882C531A7FE6EBA0D3FDA6CDD3AFB76CD4D3EE600D040D214DAD4B66DDBF6EEDDBBAA69FAF433DF6EE6273ABCFAEAABB573D34F7EF293FBF7EF9FF7556153FEB031C15B7B82C531A7516FCCBBE8D1A676E7EBD7AF6FDAF602D058D214DA545F5FDF934F8DAD6A9A1E3F71E28E3BBA9AB645D3D3D31FFBD8C76AA7A71FFFF8C73FFDE94FCF7DF6A61A367F6DAD7435336C4CF0D69E6071CCA97D69358E3CC5D1A676E75D5DCD3BE600D058D214DAD42A7D6CCCDCF5DE99F73B3B3B9BB951F537EAACF9C4273EF1E52F7FB9F67912C53F2F5EFC79A3D773431B3AB68C35FC6E17AC635FDBD0F1AFC756FBA72CB69AFC72D0A64EB0BE5773BBB709132FCF04EB1F1BB34A479EFA0F6DE6F602D0408EE0D0A68A33C886BF13C9A2278BF5F7E48CBB78F1ED46AF67AB69DAF0BB5DB06642E58B63ABFD53165B1DB7F004737BB599BF5B47692658AFD6E3274EACC6D1A67EFFE9832B0037C8111CDA547777F78F8E1E6D429A3673A36EBBEDB6FA79707F5571523E313151997DCEEDAD46AF83D5346DF8DD2E58B3A1B2FA3F68C1BA952798DBABCDFCDDCA33C1E29853BB7E958E3C9D9D9DD214A0A53982439B5AD50F35ADAD26FFAD69FDA3298A33E02D5BB614FF1D1919A97FB51A366F367A7D7F264DB77CB1F673370C7D7FF6FAB12F5E79AA68CB6333D7544B6368E8EEF9DF39737DEDDBBE56ADDCAB6F5BFBCAD8ECCDC72E7F69E69ACBF7397671C1E586AE669EE8DFE4046777E0E5BD3A7BB9D8691BBE766CD17D758D0B0BC6549DF2507D528FCD99DA63977FFA635B66C775D54F29C3C4CB33C1FA93B7AB71E439F5CEE9DA9DFB685380D6254DA14D0D0E0E7E73DFBE554DD383CF3EB76EDDBAA66DD1EBAFBFDED9D9D9D7D7D7D5D5B563C78EE22C79EE57AB61F346A3D7F78ABAE8D8B0EBD8CCE53FDD329310732FBC7171EC0B1D1D770F1D7BE3E2B15D33DF38F4BDCB577E61ECAA9BBC71ACDA30B3B7BABCC666BEFCA73397AB379FBD5CBFF9CC95B5FBB9FA72435733C3E6262738B30F2FEFA20D1BEEAEEDEDE2CA990B8BEEABC52F2C1CD3FC29CF5E9EF9E6EA70ABDF70658E57BE5A8A89976782C531A7568FDF78F4D1861F6D7E74F468EDCE7B7A7A9AB6BD003496348536353434B47DFB03AB9AA645FA6EDEFCA5666ED4E8E8E8F0F0F0A21FABB87A695AAF8B2B5D71651529524FD35AC6CC898A22396683E7EAA0ADDF5BFDAB8BDEFC964BD39B9D60B113AA7B6C6CCBDD4363BB36CCCCE2F2805690A60BF6F355535EECF2553BBF74132FCF04F7ECD953ABC7E2B0D0F0A3CDC3BB77D7EE7C6060A099DB0B400349536853C5B9635757D7AAA6E9A64D9B0E1C3890DED059D5B079BDD1AB1627B3FF3C367457C796E199CBC71EDA70E5E599770D1DAB5D5384C4EB97BF3A7379E6FB373C74EC5A7775E54B8BDF7CF12B1BBD9A1C364B58C60487B7CCECED624F16BBA2B85CFFEFF576E07576E9DCD12C76F9AA71976EE2E599E0C4C444FD35B7EF9D79BFB1479B8D1B37D6EEBC08E3F486027083CAF2880534DFAABE135271EA599C80D63E34A20C66C2E6D264A3D777AB7531FBCFB1AD1D1B86BE7BF178D10C770D1DAF5D598DA5E2F2CC95F78FD56E55BF3C76FF4C8D5CAA7FE7E5BB2AAEAF7FF3BC9BCCBDBCE8958D5EE5099BE54CB018C196A1873654F7EAD8D6BB8686EEEFD83A7CFD1D789D5D3A77CA8B5D5E74E79766E2E59960A1ABABAB1690FBF73FD1C0A34DFD434D0BF35E450C400B29D12316D064ABFA9ADEAF3FF24871E7E94DBCA21A36AF357A8D57FF0A71E7B1E2F2F19DD5B7DE79ED7266CC7C43514A33CFA11DAF7D75F6CA3997FF644BED26975E9B79D2ECCACDAB3799FB839675F3CBDFD0D0559EB059D604C7EEDFB0E1AE0D43E3B57D52BFBCF8BEAAEFC98517AEBA3C5E4DD02B135F7079CE95D7B9ABC0C4CB33C1C28E1D3B6A01B976EDDA063E71FAB97BEEA9DD6D7F7F7F7A1301B871257AC4029A6C7A7ABAABAB6B353EDDB438E9BCE38EAE93274FA637F18A6AD8FCACD1EB3B334DB2F5FEDA69F186A1EFD4AFBC7CCDBE6AB4FCEC725D546F35FF72D5D6FBABCFAF5EB9ED9557871EBFE6CD6B7953FD413BB7D4BFA1A1AB3C61B3AC09CEFE0F82EAE5D9E49BFDD222FBAABE27175EB8EAF2776687B8D4E57D5BE6CEEB9A77159878792658A9BE856FFDD3471FDEBDBB21479B83CF3E57DF77478E1C496F220037AE448F5840F38D8C8CDC7BDF7DB7FC53A695D9B03951E2B5AF1A2AF15F63FE2A4FD8947E82259D7879265833343454CBC8CECECE9BFF1499E3274ED45B77DBB66DE98D03E0A694EB110B68BECFDD734F63FFEEEB47478FD65EAD97DEB2AB54C3E678B9D6F1DFDFD0F1DB43C7AB97C7063A3A06C6E2BFD282559EB029E3045B61E2E59960DDFAF5EB6B31595465D19637F3EA8CE25053BFAB52BD4C03801B50BA472CA0C9A6A6A6D6AD5BD7A8F7433AF5CEE9E264B138DD4C6FD67CD5B03956B6756CE8B72FBF14B12896FCEFB37095276CCA39C1F24FBC3C13AC9B9C9C5CB3664D3D295F78F1F00D1C6ADE7CEBED7A977676768E8F8FA7370B809B55BA472CA0F92626268A3ABD99A72FEA5DFAB97BEE79F2A9B1F4062DE2D6089BE6AFF2848D09B6FA04E72A4AB2FE07A245587EE3D1475774A839F8EC73F5D7F116868686D21B04400394F1110B68BE23478EAC5DBBB638E1BB99D7F1167D5BCE2EAD54C3E6D2A557AD95AEF2848D09B6FA04E7191D1DAD3F77DA517DCFDEE2E8B19C274BEFBDEFBEB96F1BA54B016E19257DC4029A6F6A6A6AE3C68D3B773E74EA9DD32BFD8BAFAF3FF248ED55C1E98DB8A66AD8FCD45AE92A4FD89860AB4F70A1898989EEEEEEB99D59046A71085AF8F70545917EE3D147376DDA34F79B8BB2F53A5E805B49791FB180E69B9E9E2ECE0BEFBCB3BB48CD657EEAE037F7ED2BBE7FFBF6078AA04DFFFA4BA986CD84B5D2559EB031C1569FE0A2A6A6A676EDDAD5D9D9D9B19875EBD65DEB4B030303DEF708E01653EA472C20A238E17BF0C107D7AC59F3B97BEE29CA73E19B9414D73CFEF89FDD7BDF7DC5F76CDEFCA5C9C9C9F4AF7C7DD5B0F989B5D2559EB031C1569FE0128A63CEE0E0E0A209BA506F6FEFA14387D2BF32008DD7028F5840C4F4F4F4E8E86871BE587F1BCCB92FBA2BBA746464646A6A2AFD6B2E576767E7871FBE74E9D28FAD15ADF2848D09B6FA04AFAB38E6144795E298D3D3D333EF98D3D5D5D5DFDFBF77EF5ECF9402DCC25AE6110BE06614A7B6AFBDF697972E1DB556B4CA133626D8EA130480A579C402DA425F5FDFFF3EB0F752E547D6F2D74F26FEA2BBBB3B3DBA5926D8EA130480A54953A02DECD9B367C78E2FC753A1B5D69F0C3F3C3838981EDD2C136CF50902C0D2A429D016262727BBBB7FEBC3E9172E555EB196B9FAFBFFE9E8E8687A74B34CB0D52708004B93A640BBD83563DBA5CA0FADE5ACFF39F29F0606FAD243BB8A09B6FA04016009D2146817D3D3D3BDBDBF73E8D0FFA8545EB6965E274F3ED3DDFD5B535307D343BB8A09B6FA04016009D21468231313133D3D774E4C8C562A47AC6BADA26A8A021C1FFFE3F4B8166182AD3E4100B816690AB49743870E156DB367CFBFA9545EB216AED1D147BABBBBC6C7FF7B7A50D76482AD3E410058943405DACEF4F4F48E1D83BDBD770F0F7FEDE4C96F552A87ADA9A9EF8E8CFCC781814DFDFDBDC5E5F488AEC3045B7D8200B0903405DAD4F8F8F8E0E0BFBCFDF6BFD34147C79A359F1C18F86CD136E9B1AC8009CED58A130480B9A42900000061D21400008030690A0000409834050000204C9A02000010264D0100000893A6000000844953000000C2A42900000061D21400008030690A0000409834050000204C9A02000010264D0100000893A6000000844953000000C2A42900000061D21400008030690A0000409834050000204C9A02000010264D0100000893A6000000844953000000C2A42900000061D21400008030690A0000409834050000204C9A02000010264D0100000893A6000000844953000000C2A42900000061D21400008030690A0000409834050000204C9A02000010264D0100000893A6000000844953000000C2A42900000061D21400008030690A0000409834050000204C9A02000010264D0100000893A6000000844953000000C2A42900000061D21400008030690A0000409834050000204C9A02000010264D0100000893A6000000844953000000C2A42900000061D21400008030690A0000409834050000204C9A02000010264D0100000893A6000000844953000000C2A42900000061D21400008030690A0000409834050000204C9A02000010264D0100000893A6000000844953000000C2A42900000061D21400008030690A0000409834050000204C9A02000010264D0100000893A6000000844953000000C2A42900000061D21400008030690A0000409834050000204C9A02000010264D0100000893A6000000844953000000C2A42900000061D21400008030690A0000409834050000204C9A02000010264D0100000893A6000000844953000000C2A42900000061D21400008030690A0000409834050000204C9A02000010264D0100000893A6000000844953000000C2A42900000061D21400008030690A0000409834050000204C9A02000010264D0100000893A6000000844953000000C2A42900000061D21400008030690A0000409834050000204C9A02000010264D0100000893A6000000844953000000C2A42900000061D21400008030690A0000409834050000204C9A02000010264D0100000893A6000000844953000000C2A42900000061D21400008030690A0000409834050000204C9A02000010264D0100000893A6000000844953000000C2A42900000061D21400008030690A0000409834050000204C9A02000010264D0100000893A6000000844953000000C2A42900000061D21400008030690A0000409834050000204C9A02000010264D0100000893A6000000844953000000C2A42900000061D21400008030690A0000409834050000204C9A02000010264D0100000893A6000000844953000000C2A42900000061D21400008030690A0000409834050000204C9A02000010264D0100000893A6000000844953000000C2A42900000061D21400008030690A0000409834050000204C9A02000010264D0100000893A6000000844953000000C2A42900000061D21400008030690A0000409834050000204C9A02000010264D0100000893A6000000844953000000C2A42900000061D21400008030690A0000409834050000204C9A02000010264D0100000893A6000000844953000000C2A42900000061D21400008030690A0000409834050000204C9A02000010264D0100000893A6000000844953000000C2A42900000061D21400008030690A0000409834050000204C9A02000010264D0100000893A6000000844953000000C2A42900000061D21400008030690A0000409834050000204C9A02000010264D0100000893A6000000844953000000C2A42900000061D21400008030690A0000409834050000204C9A02000010264D0100000893A6000000844953000000C2A42900000061D21400008030690A0000409834050000204C9A02000010264D0100000893A6000000844953000000C2A42900000061D21400008030690A0000409834050000204C9A02000010264D0100000893A6000000844953000000C2A42900000061D21400008030690A0000409834050000204C9A02000010264D0100000893A6000000844953000000C2A42900000061D21400008030690A0000409834050000204C9A02000010264D0100000893A6000000844953000000C2A42900000061D21400008030690A0000409834050000204C9A02000010264D0100000893A6000000844953000000C2A42900000061D21400008030690A0000409834050000204C9A02000010264D0100000893A6000000844953000000C2A42900000061D21400008030690A0000409834050000204C9A02000010264D0100000893A6000000844953000000C2A42900000061D21400008030690A0000409834050000204C9A02000010264D0100000893A6000000844953000000C2A42900000061D21400008030690A0000409834050000204C9A02000010264D0100000893A6000000844953000000C2A42900000061D21400008030690A0000409834050000204C9A02000010264D0100000893A6000000844953000000C2A42900000061D21400008030690A0000409834050000204C9A02000010264D0100000893A6000000844953000000C2A42900000061D21400008030690A0000409834050000204C9A02000010264D0100000893A6000000844953000000C2A42900000061D21400008030690A0000409834050000204C9A02000010264D0100000893A6000000844953000000C2A42900000061D21400008030690A0000409834050000204C9A02000010264D0100000893A6000000844953000000C2A42900000061D21400008030690A0000409834050000204C9A02000010264D01000008FBFFD06363AD91EE7B550000000049454E44AE426082, '0');
INSERT INTO `ACT_GE_BYTEARRAY` VALUES ('1435', '1', 'qingjia.bpmn', '1434', 0x3C3F786D6C2076657273696F6E3D22312E302220656E636F64696E673D225554462D38223F3E0A3C646566696E6974696F6E7320786D6C6E733D22687474703A2F2F7777772E6F6D672E6F72672F737065632F42504D4E2F32303130303532342F4D4F44454C2220786D6C6E733A7873693D22687474703A2F2F7777772E77332E6F72672F323030312F584D4C536368656D612D696E7374616E63652220786D6C6E733A61637469766974693D22687474703A2F2F61637469766974692E6F72672F62706D6E2220786D6C6E733A62706D6E64693D22687474703A2F2F7777772E6F6D672E6F72672F737065632F42504D4E2F32303130303532342F44492220786D6C6E733A6F6D6764633D22687474703A2F2F7777772E6F6D672E6F72672F737065632F44442F32303130303532342F44432220786D6C6E733A6F6D6764693D22687474703A2F2F7777772E6F6D672E6F72672F737065632F44442F32303130303532342F44492220747970654C616E67756167653D22687474703A2F2F7777772E77332E6F72672F323030312F584D4C536368656D61222065787072657373696F6E4C616E67756167653D22687474703A2F2F7777772E77332E6F72672F313939392F585061746822207461726765744E616D6573706163653D22687474703A2F2F7777772E61637469766974692E6F72672F74657374223E0A20203C70726F636573732069643D2271696E676A6961696422206E616D653D2271696E676A69616E616D652220697345786563757461626C653D2274727565223E0A202020203C73746172744576656E742069643D2273746172746576656E743122206E616D653D225374617274223E3C2F73746172744576656E743E0A202020203C757365725461736B2069643D22757365727461736B3122206E616D653D2262616E677A6875222061637469766974693A61737369676E65653D226C6872223E3C2F757365725461736B3E0A202020203C73657175656E6365466C6F772069643D22666C6F77312220736F757263655265663D2273746172746576656E743122207461726765745265663D22757365727461736B31223E3C2F73657175656E6365466C6F773E0A202020203C757365725461736B2069643D22757365727461736B3222206E616D653D2277756C696E6D656E677A6875222061637469766974693A61737369676E65653D22777170223E3C2F757365725461736B3E0A202020203C73657175656E6365466C6F772069643D22666C6F77322220736F757263655265663D22757365727461736B3122207461726765745265663D22757365727461736B32223E3C2F73657175656E6365466C6F773E0A202020203C656E644576656E742069643D22656E646576656E743122206E616D653D22456E64223E3C2F656E644576656E743E0A202020203C73657175656E6365466C6F772069643D22666C6F77332220736F757263655265663D22757365727461736B3222207461726765745265663D22656E646576656E7431223E3C2F73657175656E6365466C6F773E0A20203C2F70726F636573733E0A20203C62706D6E64693A42504D4E4469616772616D2069643D2242504D4E4469616772616D5F71696E676A69616964223E0A202020203C62706D6E64693A42504D4E506C616E652062706D6E456C656D656E743D2271696E676A69616964222069643D2242504D4E506C616E655F71696E676A69616964223E0A2020202020203C62706D6E64693A42504D4E53686170652062706D6E456C656D656E743D2273746172746576656E7431222069643D2242504D4E53686170655F73746172746576656E7431223E0A20202020202020203C6F6D6764633A426F756E6473206865696768743D2233352E30222077696474683D2233352E302220783D223334302E302220793D223232302E30223E3C2F6F6D6764633A426F756E64733E0A2020202020203C2F62706D6E64693A42504D4E53686170653E0A2020202020203C62706D6E64693A42504D4E53686170652062706D6E456C656D656E743D22757365727461736B31222069643D2242504D4E53686170655F757365727461736B31223E0A20202020202020203C6F6D6764633A426F756E6473206865696768743D2235352E30222077696474683D223130352E302220783D223432302E302220793D223231302E30223E3C2F6F6D6764633A426F756E64733E0A2020202020203C2F62706D6E64693A42504D4E53686170653E0A2020202020203C62706D6E64693A42504D4E53686170652062706D6E456C656D656E743D22757365727461736B32222069643D2242504D4E53686170655F757365727461736B32223E0A20202020202020203C6F6D6764633A426F756E6473206865696768743D2235352E30222077696474683D223130352E302220783D223537302E302220793D223231302E30223E3C2F6F6D6764633A426F756E64733E0A2020202020203C2F62706D6E64693A42504D4E53686170653E0A2020202020203C62706D6E64693A42504D4E53686170652062706D6E456C656D656E743D22656E646576656E7431222069643D2242504D4E53686170655F656E646576656E7431223E0A20202020202020203C6F6D6764633A426F756E6473206865696768743D2233352E30222077696474683D2233352E302220783D223732302E302220793D223232302E30223E3C2F6F6D6764633A426F756E64733E0A2020202020203C2F62706D6E64693A42504D4E53686170653E0A2020202020203C62706D6E64693A42504D4E456467652062706D6E456C656D656E743D22666C6F7731222069643D2242504D4E456467655F666C6F7731223E0A20202020202020203C6F6D6764693A776179706F696E7420783D223337352E302220793D223233372E30223E3C2F6F6D6764693A776179706F696E743E0A20202020202020203C6F6D6764693A776179706F696E7420783D223432302E302220793D223233372E30223E3C2F6F6D6764693A776179706F696E743E0A2020202020203C2F62706D6E64693A42504D4E456467653E0A2020202020203C62706D6E64693A42504D4E456467652062706D6E456C656D656E743D22666C6F7732222069643D2242504D4E456467655F666C6F7732223E0A20202020202020203C6F6D6764693A776179706F696E7420783D223532352E302220793D223233372E30223E3C2F6F6D6764693A776179706F696E743E0A20202020202020203C6F6D6764693A776179706F696E7420783D223537302E302220793D223233372E30223E3C2F6F6D6764693A776179706F696E743E0A2020202020203C2F62706D6E64693A42504D4E456467653E0A2020202020203C62706D6E64693A42504D4E456467652062706D6E456C656D656E743D22666C6F7733222069643D2242504D4E456467655F666C6F7733223E0A20202020202020203C6F6D6764693A776179706F696E7420783D223637352E302220793D223233372E30223E3C2F6F6D6764693A776179706F696E743E0A20202020202020203C6F6D6764693A776179706F696E7420783D223732302E302220793D223233372E30223E3C2F6F6D6764693A776179706F696E743E0A2020202020203C2F62706D6E64693A42504D4E456467653E0A202020203C2F62706D6E64693A42504D4E506C616E653E0A20203C2F62706D6E64693A42504D4E4469616772616D3E0A3C2F646566696E6974696F6E733E, '0');
INSERT INTO `ACT_GE_BYTEARRAY` VALUES ('1436', '1', 'qingjia.png', '1434', 0x89504E470D0A1A0A0000000D49484452000004DE0000025F08020000002FAF8C3600001EDE49444154789CEDDD7F6CDCF77DDF71225D060658600DEB1663FF98C5FE30816C136B1790F4CFC40C58C4015B4C60814D278342209022A0986C0C432AAC9015ACD68461F188A131D4AD51590FEE38143208D4E6B4C64E984476B5D896E5384A184B8AE95FA91259093DCB36AD9FB72FEFA813455214291DEFF53DDDE3810F8CD39177E4F7FB06BEF77DFA8E771D1500000088EA48FF02000000B43B690A0000409834050000204C9A02000010264D0100000893A6000000844953000000C2A42900000061D21400008030690A0000409834050000204C9A02000010264D0100000893A6000000844953000000C2A42900000061D21400008030690A0000409834050000204C9A02000010264D0100000893A6000000844953000000C2A42900000061D21400008030690A0000409834050000204C9A02000010264D0100000893A6000000844953000000C2A42900000061D21400008030690A0000409834050000204C9A02000010264D0100000893A6000000844953000000C2A42900000061D21400008030690A0000409834050000204C9A02000010264D0100000893A6000000844953000000C2A42900000061D21400008030690A0000409834050000204C9A02000010264D0100000893A6000000844953000000C2A42900000061D21400008030690A0000409834050000204C9A02000010264D0100000893A6000000844953000000C2A42900000061D21400008030690A0000409834050000204C9A02000010264D0100000893A6000000844953000000C2A42900000061D21400008030690A0000409834050000204C9A02000010264D0100000893A6000000844953000000C2A42900000061D21400008030690A0000409834050000204C9A02000010264D0100000893A6000000844953000000C2A42900000061D21400008030690A0000409834050000204C9A02000010264D0100000893A6000000844953000000C2A42900000061D21400008030690A0000409834050000204C9A02000010264D0100000893A6000000844953000000C2A42900000061D21400008030690A0000409834050000204C9A02000010264D0100000893A6000000844953000000C2A42900000061D21400008030690A0000409834050000204C9A02000010264D0100000893A6000000844953000000C2A42900000061D21400008030690A0000409834050000204C9A02000010264D0100000893A6000000844953000000C2A42900000061D21400008030690A0000409834050000204C9A02000010264D0100000893A6000000844953000000C2A42900000061D21400008030690A0000409834050000204C9A02000010264D0100000893A6000000844953000000C2A42900000061D21400008030690A0000409834050000204C9A02000010264D0100000893A6000000844953000000C2A42900000061D21400008030690A0000409834050000204C9A02000010264D0100000893A6000000844953000000C2A42900000061D21400008030690A0000409834050000204C9A02000010264D0100000893A6000000844953000000C2A42900000061D21400008030690A0000409834050000204C9A02000010264D0100000893A6000000844953000000C2A42900000061D21400008030690A0000409834050000204C9A02000010264D0100000893A6000000844953000000C2A42900000061D21400008030690A0000409834050000204C9A02000010264D0100000893A6000000844953000000C2A42900000061D21400008030690A0000409834050000204C9A02000010264D0100000893A6000000844953000000C2A42900000061D21400008030690A0000409834050000204C9A02000010264D0100000893A6000000844953000000C2A42900000061D21400008030690AB4A9E9E9E9919191818181DEDEDEAEAEAE8E76556C7BB107FAFBFB878787A7A6A6D263590113AC69DD0902C05CD2146847070E1C284EE88BAA79FCF1C79F7EE699E3274E9C3B7FBE3D57B1EDC51ED8BF7FFFE6CD9B8B7D52E44D7A38CB6282AD3E410098479A02ED656A6A6A707070D3A64D6FBEF5E6B9F3E7ACB9EBD43BA78ABC2976CEC99327D383BA26136CF50902C0A2A429D0468AAAE9E9E9F9E6BE3F3E77FEAC75ADF5E4534FAE5BB76E7272323DAE459860AB4F1000AE459A026D647070B05A351F594BAFA79FF9D6C68DFF243DAE459860AB4F1000AE459A02EDE2C081039B367DF6FC85696B39EBABBFF7EF76EFFE83F4D0AE6282AD3E410058823405DAC2F4F4745757D75B6F4F9EBFF0A1B59C75E6FD5FAF5DFB8F272626D2A39B6582AD3E4100589A3405DAC2F0F0F0E0E0E0F90B1FD4D767FAFEC5323F9C63EEADDA6AEDDEFD1F76ECD8911EDD2C136CF50902C0D2A429D016FAFBFBF73FF1BFAE54CD6737FD75A5F2FAC5CAB1F3951F9FADBC7CB6F2C2990B434F7CFB2FDF7EF707E72AFF77BAF283E9CAC10F2ADFFAA8F25F0FBEB275DB57E28D11592F1E3ED4D3D3931EDD2C136CF50902C0D2A429D016BABBBB8F1E7DE9FC85F76BABA3A3E34CA5F2FEA5CABB172ABF3A57F9A052F9B7FFFEA18E8FFDADF59FED7FFB7CE5CDB395373FAA4C4E578E5FA8FCF95FBD5C7DDAEDFD365C67DE3FDDD9D9991EDD2C136CF50902C0D2A429704DD3D3D3A3A3A3BB76EDEAEFEFEFBDACAFAFAFB8666464646A6A2AFD0BAEC09A356BDE39FDF6F90B676AAB68950F2E56CE5E9CF9D2854B33FFFD8BB1FFF3F7FFC13FFCFD87BF7EA15279EF42E5DDF3955F9DAF145BF8ADE77F580D9B33EDB98A6DCF0EAECE045B7D82CBB1C431677878D887B502DCDA5AE9110B689AE2ECB0381DECECEC2C4E108B93C2FDFB9F78FA996FD7D6934F8DEDDCF9D0C0C040910AEBD7AF2FCE17D3BFECB254E3E4BDFA2AFEF9FE85CAE90F2BE72ECE7E4351DAFFE50FFFE80FFEF31FBEF9F399D3DFF3972AE7AAC1F3DC8B2FCFBB6D5BADF2848D09B6FA0497561C738AA3CD75FF6CB8A7A767EFDEBD45C1A67F5F001AAF351EB180A63972E4486F6F6F718E5824E8B9F317965E079F7D6EF3E62F15278BE3E3E3E95FFC3AAA71F2FFEA6B266C2E564E7D50F9C599CAF94AE5DCD9B3DD77DED9D1F11B1D1D9D9FBF7FF3DC1BBE70F8A579B76DAB559EB031C1569FE0B514478FF5EBD72FF31DAD6ABABABA8A944DFFE2003458D91FB18066DAB3674FD1994F3FF3EDEB46E9DCF5C28B87376EDCB86DDBB6323F95518D9377EBABF672D0D31F567EFE5EE5971F555E38FAB34F7DEA53BFF137FEE6276EFBCD812F5C1536CFBF7878DE6DDB6A95276C4CB0D527B85071C4181C1C5CF8BCE857BFFA7B735FA951AC9D3B1FDAB469D3BCEFECEFEF6FAD3F2B006069E57DC4029AA938471C1818D8B163C78AA274EEFAC6A38FF6F6F696F68FC1AA7132555FC53F3FBC54F9D5F4CC736EA73EAA3CF3FCC43F5A7BF76FFEDDBF77DB9ABFFD478FFDF94795CA99B3950FCECEDCF0E0A1E7E7DDB6AD5679C2C6045B7D82F314C78A794F966EDFFEC0F113279638C89C7AE774719CB9FDF6DBE73E7D7AE4C891F4A600D018257DC4029AA9E8D2E21C716464E486BBB4FEFADEE27E262727D31BB488E22CF6C2855FD757ED7CBD689B77CF577E7DAEF2F3F7CE3FF7CAE4DABB7EE733FFEC9FFFF26CE517D3955F4E574E9FAD146973F007CFCFBB6D5BADF2848D09B6FA04E72A8E124555D60BB3AFAF6FE9289D17A83B773E54BF6D6767E7A14387D21B04400394F1110B68B28181819BEFD2FA8B7B8B3A2DE12B7BE7C549EF6736FEF027C75E7865E2D09189670F4F3CFBD2ABCFFDF0C4777EF0E3BF7AE5B5EF1D7EF5FB877FFAEC4B3F3DF4F2ABAF1C7BE3D1FFB6EFDEFBEE8D0786B031C1569F605DEDFF85D5DBF2E1DDBB6FE050F3F8E37F564469FDB9D3D2BE5E0380E52BDD2316D0647BF6ECB999D7F12E5CFBF73FD1DFDF9FDEACF9AA61F3ABB9EB777FF72BD779AF95AA7FF5F9CFCFBB615BADF2848D09B6FA04EB060606EAD3290E1737F33FC2D6AC5953BB9FDEDEDEF4660170B34AF7880534D39123477A7A7A1AD8A5B5B575EB57F6EEDD9BDEB8AB54C3E6B4B5D2559EB031C1569F60CDE8E8E84D3E5F3A773DF9D458FDDE868686D21B07C04D29D72316D0644597BEF0E2E186A7E99B6FBD7DC71D5DA57A59EF4CD85C7CC75AE92A4FD89860AB4FB0A638E6D44AB2AFAFAF21479BFADF9DDE7EFBEDA53AE600B052E57AC4029AA9F619F70DEFD2DADABEFD81523D89510D9B53D64A5779C2C6045B7D82859191915A46767676BEF9D6DB0D39D4BC77E6FDFA7BF63EF8E083E94D04E0C695E8110B68B2DEDEDE957E84E98A9E382DCE17D39B7845356C7E69AD7495276C4CB0D52758A91E736A0DB97DFB030D3CDA7C73DFBEDADDAE59B326BD8900DCB8123D6201CD343535559CC6AD5297D6D6BA75EBCAF3A10ED5B0F985B5D2559EB031C1569F6071CCA9FF5D68A39E32ADAF3BEEE8AADDF3F8F8787A4301B8416579C4029A6C78787870707055D3F4E1DDBB77ECD8D1CC8D1A1919B9D6A7AA56C3E6A4B5D2D5E4B031C15B7882C531A7FE6EBA0D3FDA6CDD3AFB76CD4D3EE600D040D214DAD4B66DDBF6EEDDBBAA69FAF433DF6EE6273ABCFAEAABB573D34F7EF293FBF7EF9FF7556153FEB031C15B7B82C531A7516FCCBBE8D1A676E7EBD7AF6FDAF602D058D214DA545F5FDF934F8DAD6A9A1E3F71E28E3BBA9AB645D3D3D31FFBD8C76AA7A71FFFF8C73FFDE94FCF7DF6A61A367F6DAD7435336C4CF0D69E6071CCA97D69358E3CC5D1A676E75D5DCD3BE600D058D214DAD42A7D6CCCDCF5DE99F73B3B3B9BB951F537EAACF9C4273EF1E52F7FB9F67912C53F2F5EFC79A3D773431B3AB68C35FC6E17AC635FDBD0F1AFC756FBA72CB69AFC72D0A64EB0BE5773BBB709132FCF04EB1F1BB34A479EFA0F6DE6F602D0408EE0D0A68A33C886BF13C9A2278BF5F7E48CBB78F1ED46AF67AB69DAF0BB5DB06642E58B63ABFD53165B1DB7F004737BB599BF5B47692658AFD6E3274EACC6D1A67EFFE9832B0037C8111CDA547777F78F8E1E6D429A3673A36EBBEDB6FA79707F5571523E313151997DCEEDAD46AF83D5346DF8DD2E58B3A1B2FA3F68C1BA952798DBABCDFCDDCA33C1E29853BB7E958E3C9D9D9DD214A0A53982439B5AD50F35ADAD26FFAD69FDA3298A33E02D5BB614FF1D1919A97FB51A366F367A7D7F264DB77CB1F673370C7D7FF6FAB12F5E79AA68CB6333D7544B6368E8EEF9DF39737DEDDBBE56ADDCAB6F5BFBCAD8ECCDC72E7F69E69ACBF7397671C1E586AE669EE8DFE4046777E0E5BD3A7BB9D8691BBE766CD17D758D0B0BC6549DF2507D528FCD99DA63977FFA635B66C775D54F29C3C4CB33C1FA93B7AB71E439F5CEE9DA9DFB685380D6254DA14D0D0E0E7E73DFBE554DD383CF3EB76EDDBAA66DD1EBAFBFDED9D9D9D7D7D7D5D5B563C78EE22C79EE57AB61F346A3D7F78ABAE8D8B0EBD8CCE53FDD329310732FBC7171EC0B1D1D770F1D7BE3E2B15D33DF38F4BDCB577E61ECAA9BBC71ACDA30B3B7BABCC666BEFCA73397AB379FBD5CBFF9CC95B5FBB9FA72435733C3E6262738B30F2FEFA20D1BEEAEEDEDE2CA990B8BEEABC52F2C1CD3FC29CF5E9EF9E6EA70ABDF70658E57BE5A8A89976782C531A7568FDF78F4D1861F6D7E74F468EDCE7B7A7A9AB6BD003496348536353434B47DFB03AB9AA645FA6EDEFCA5666ED4E8E8E8F0F0F0A21FABB87A695AAF8B2B5D71651529524FD35AC6CC898A22396683E7EAA0ADDF5BFDAB8BDEFC964BD39B9D60B113AA7B6C6CCBDD4363BB36CCCCE2F2805690A60BF6F355535EECF2553BBF74132FCF04F7ECD953ABC7E2B0D0F0A3CDC3BB77D7EE7C6060A099DB0B400349536853C5B9635757D7AAA6E9A64D9B0E1C3890DED059D5B079BDD1AB1627B3FF3C367457C796E199CBC71EDA70E5E599770D1DAB5D5384C4EB97BF3A7379E6FB373C74EC5A7775E54B8BDF7CF12B1BBD9A1C364B58C60487B7CCECED624F16BBA2B85CFFEFF576E07576E9DCD12C76F9AA71976EE2E599E0C4C444FD35B7EF9D79BFB1479B8D1B37D6EEBC08E3F486027083CAF2880534DFAABE135271EA599C80D63E34A20C66C2E6D264A3D777AB7531FBCFB1AD1D1B86BE7BF178D10C770D1DAF5D598DA5E2F2CC95F78FD56E55BF3C76FF4C8D5CAA7FE7E5BB2AAEAF7FF3BC9BCCBDBCE8958D5EE5099BE54CB018C196A1873654F7EAD8D6BB8686EEEFD83A7CFD1D789D5D3A77CA8B5D5E74E79766E2E59960A1ABABAB1690FBF73FD1C0A34DFD434D0BF35E450C400B29D12316D064ABFA9ADEAF3FF24871E7E94DBCA21A36AF357A8D57FF0A71E7B1E2F2F19DD5B7DE79ED7266CC7C43514A33CFA11DAF7D75F6CA3997FF644BED26975E9B79D2ECCACDAB3799FB839675F3CBDFD0D0559EB059D604C7EEDFB0E1AE0D43E3B57D52BFBCF8BEAAEFC98517AEBA3C5E4DD02B135F7079CE95D7B9ABC0C4CB33C1C28E1D3B6A01B976EDDA063E71FAB97BEEA9DD6D7F7F7F7A1301B871257AC4029A6C7A7ABAABAB6B353EDDB438E9BCE38EAE93274FA637F18A6AD8FCACD1EB3B334DB2F5FEDA69F186A1EFD4AFBC7CCDBE6AB4FCEC725D546F35FF72D5D6FBABCFAF5EB9ED9557871EBFE6CD6B7953FD413BB7D4BFA1A1AB3C61B3AC09CEFE0F82EAE5D9E49BFDD222FBAABE27175EB8EAF2776687B8D4E57D5BE6CEEB9A77159878792658A9BE856FFDD3471FDEBDBB21479B83CF3E57DF77478E1C496F220037AE448F5840F38D8C8CDC7BDF7DB7FC53A695D9B03951E2B5AF1A2AF15F63FE2A4FD8947E82259D7879265833343454CBC8CECECE9BFF1499E3274ED45B77DBB66DE98D03E0A694EB110B68BECFDD734F63FFEEEB47478FD65EAD97DEB2AB54C3E678B9D6F1DFDFD0F1DB43C7AB97C7063A3A06C6E2BFD282559EB029E3045B61E2E59960DDFAF5EB6B31595465D19637F3EA8CE25053BFAB52BD4C03801B50BA472CA0C9A6A6A6D6AD5BD7A8F7433AF5CEE9E264B138DD4C6FD67CD5B03956B6756CE8B72FBF14B12896FCEFB37095276CCA39C1F24FBC3C13AC9B9C9C5CB3664D3D295F78F1F00D1C6ADE7CEBED7A977676768E8F8FA7370B809B55BA472CA0F92626268A3ABD99A72FEA5DFAB97BEE79F2A9B1F4062DE2D6089BE6AFF2848D09B6FA04E72A4AB2FE07A245587EE3D1475774A839F8EC73F5D7F116868686D21B04400394F1110B68BE23478EAC5DBBB638E1BB99D7F1167D5BCE2EAD54C3E6D2A557AD95AEF2848D09B6FA04E7191D1DAD3F77DA517DCFDEE2E8B19C274BEFBDEFBEB96F1BA54B016E19257DC4029A6F6A6A6AE3C68D3B773E74EA9DD32BFD8BAFAF3FF248ED55C1E98DB8A66AD8FCD45AE92A4FD89860AB4F70A1898989EEEEEEB99D59046A71085AF8F70545917EE3D147376DDA34F79B8BB2F53A5E805B49791FB180E69B9E9E2ECE0BEFBCB3BB48CD657EEAE037F7ED2BBE7FFBF6078AA04DFFFA4BA986CD84B5D2559EB031C1569FE0A2A6A6A676EDDAD5D9D9D9B19875EBD65DEB4B030303DEF708E01653EA472C20A238E17BF0C107D7AC59F3B97BEE29CA73E19B9414D73CFEF89FDD7BDF7DC5F76CDEFCA5C9C9C9F4AF7C7DD5B0F989B5D2559EB031C1569FE0128A63CEE0E0E0A209BA506F6FEFA14387D2BF32008DD7028F5840C4F4F4F4E8E86871BE587F1BCCB92FBA2BBA746464646A6A2AFD6B2E576767E7871FBE74E9D28FAD15ADF2848D09B6FA04AFAB38E6144795E298D3D3D333EF98D3D5D5D5DFDFBF77EF5ECF9402DCC25AE6110BE06614A7B6AFBDF697972E1DB556B4CA133626D8EA130480A579C402DA425F5FDFFF3EB0F752E547D6F2D74F26FEA2BBBB3B3DBA5926D8EA130480A54953A02DECD9B367C78E2FC753A1B5D69F0C3F3C3838981EDD2C136CF50902C0D2A429D016262727BBBB7FEBC3E9172E555EB196B9FAFBFFE9E8E8687A74B34CB0D52708004B93A640BBD83563DBA5CA0FADE5ACFF39F29F0606FAD243BB8A09B6FA04016009D2146817D3D3D3BDBDBF73E8D0FFA8545EB6965E274F3ED3DDFD5B535307D343BB8A09B6FA04016009D21468231313133D3D774E4C8C562A47AC6BADA26A8A021C1FFFE3F4B8166182AD3E4100B816690AB49743870E156DB367CFBFA9545EB216AED1D147BABBBBC6C7FF7B7A50D76482AD3E410058943405DACEF4F4F48E1D83BDBD770F0F7FEDE4C96F552A87ADA9A9EF8E8CFCC781814DFDFDBDC5E5F488AEC3045B7D8200B0903405DAD4F8F8F8E0E0BFBCFDF6BFD34147C79A359F1C18F86CD136E9B1AC8009CED58A130480B9A42900000061D21400008030690A0000409834050000204C9A02000010264D0100000893A6000000844953000000C2A42900000061D21400008030690A0000409834050000204C9A02000010264D0100000893A6000000844953000000C2A42900000061D21400008030690A0000409834050000204C9A02000010264D0100000893A6000000844953000000C2A42900000061D21400008030690A0000409834050000204C9A02000010264D0100000893A6000000844953000000C2A42900000061D21400008030690A0000409834050000204C9A02000010264D0100000893A6000000844953000000C2A42900000061D21400008030690A0000409834050000204C9A02000010264D0100000893A6000000844953000000C2A42900000061D21400008030690A0000409834050000204C9A02000010264D0100000893A6000000844953000000C2A42900000061D21400008030690A0000409834050000204C9A02000010264D0100000893A6000000844953000000C2A42900000061D21400008030690A0000409834050000204C9A02000010264D0100000893A6000000844953000000C2A42900000061D21400008030690A0000409834050000204C9A02000010264D0100000893A6000000844953000000C2A42900000061D21400008030690A0000409834050000204C9A02000010264D0100000893A6000000844953000000C2A42900000061D21400008030690A0000409834050000204C9A02000010264D0100000893A6000000844953000000C2A42900000061D21400008030690A0000409834050000204C9A02000010264D0100000893A6000000844953000000C2A42900000061D21400008030690A0000409834050000204C9A02000010264D0100000893A6000000844953000000C2A42900000061D21400008030690A0000409834050000204C9A02000010264D0100000893A6000000844953000000C2A42900000061D21400008030690A0000409834050000204C9A02000010264D0100000893A6000000844953000000C2A42900000061D21400008030690A0000409834050000204C9A02000010264D0100000893A6000000844953000000C2A42900000061D21400008030690A0000409834050000204C9A02000010264D0100000893A6000000844953000000C2A42900000061D21400008030690A0000409834050000204C9A02000010264D0100000893A6000000844953000000C2A42900000061D21400008030690A0000409834050000204C9A02000010264D0100000893A6000000844953000000C2A42900000061D21400008030690A0000409834050000204C9A02000010264D0100000893A6000000844953000000C2A42900000061D21400008030690A0000409834050000204C9A02000010264D0100000893A6000000844953000000C2A42900000061D21400008030690A0000409834050000204C9A02000010264D0100000893A6000000844953000000C2A42900000061D21400008030690A0000409834050000204C9A02000010264D0100000893A6000000844953000000C2A42900000061D21400008030690A0000409834050000204C9A02000010264D0100000893A6000000844953000000C2A42900000061D21400008030690A0000409834050000204C9A02000010264D0100000893A6000000844953000000C2A42900000061D21400008030690A0000409834050000204C9A02000010264D0100000893A6000000844953000000C2A42900000061D21400008030690A0000409834050000204C9A02000010264D0100000893A6000000844953000000C2A42900000061D21400008030690A0000409834050000204C9A02000010264D0100000893A6000000844953000000C2A42900000061D21400008030690A0000409834050000204C9A02000010264D0100000893A6000000844953000000C2A42900000061D21400008030690A0000409834050000204C9A02000010264D0100000893A6000000844953000000C2A42900000061D21400008030690A0000409834050000204C9A02000010264D0100000893A6000000844953000000C2A42900000061D21400008030690A0000409834050000204C9A02000010264D0100000893A6000000844953000000C2A42900000061D21400008030690A0000409834050000204C9A02000010264D0100000893A6000000844953000000C2A42900000061D21400008030690A0000409834050000204C9A02000010264D0100000893A6000000844953000000C2A42900000061D21400008030690A0000409834050000204C9A02000010264D0100000893A6000000844953000000C2A42900000061D21400008030690A0000409834050000204C9A02000010264D0100000893A6000000844953000000C2A42900000061D21400008030690A0000409834050000204C9A02000010264D0100000893A6000000844953000000C2A42900000061D21400008030690A0000409834050000204C9A02000010264D0100000893A6000000844953000000C2A42900000061D21400008030690A0000409834050000204C9A02000010264D0100000893A6000000844953000000C2A42900000061D21400008030690A0000409834050000204C9A02000010264D0100000893A6000000844953000000C2A42900000061D21400008030690A0000409834050000204C9A02000010264D0100000893A6000000844953000000C2A42900000061D21400008030690A0000409834050000204C9A02000010264D01000008FBFFD06363AD91EE7B550000000049454E44AE426082, '0');

-- ----------------------------
-- Table structure for ACT_GE_PROPERTY
-- ----------------------------
DROP TABLE IF EXISTS `ACT_GE_PROPERTY`;
CREATE TABLE `ACT_GE_PROPERTY` (
  `NAME_` varchar(64) COLLATE utf8_bin NOT NULL DEFAULT '',
  `VALUE_` varchar(300) COLLATE utf8_bin DEFAULT NULL,
  `REV_` int(11) DEFAULT NULL,
  PRIMARY KEY (`NAME_`)
) ENGINE=InnoDB DEFAULT CHARSET=utf8 COLLATE=utf8_bin;

-- ----------------------------
-- Records of ACT_GE_PROPERTY
-- ----------------------------
INSERT INTO `ACT_GE_PROPERTY` VALUES ('next.dbid', '1501', '16');
INSERT INTO `ACT_GE_PROPERTY` VALUES ('schema.history', 'create(5.15.1)', '1');
INSERT INTO `ACT_GE_PROPERTY` VALUES ('schema.version', '5.15.1', '1');

-- ----------------------------
-- Table structure for ACT_HI_ACTINST
-- ----------------------------
DROP TABLE IF EXISTS `ACT_HI_ACTINST`;
CREATE TABLE `ACT_HI_ACTINST` (
  `ID_` varchar(64) COLLATE utf8_bin NOT NULL,
  `PROC_DEF_ID_` varchar(64) COLLATE utf8_bin NOT NULL,
  `PROC_INST_ID_` varchar(64) COLLATE utf8_bin NOT NULL,
  `EXECUTION_ID_` varchar(64) COLLATE utf8_bin NOT NULL,
  `ACT_ID_` varchar(255) COLLATE utf8_bin NOT NULL,
  `TASK_ID_` varchar(64) COLLATE utf8_bin DEFAULT NULL,
  `CALL_PROC_INST_ID_` varchar(64) COLLATE utf8_bin DEFAULT NULL,
  `ACT_NAME_` varchar(255) COLLATE utf8_bin DEFAULT NULL,
  `ACT_TYPE_` varchar(255) COLLATE utf8_bin NOT NULL,
  `ASSIGNEE_` varchar(255) COLLATE utf8_bin DEFAULT NULL,
  `START_TIME_` datetime(3) NOT NULL,
  `END_TIME_` datetime(3) DEFAULT NULL,
  `DURATION_` bigint(20) DEFAULT NULL,
  `TENANT_ID_` varchar(255) COLLATE utf8_bin DEFAULT '',
  PRIMARY KEY (`ID_`),
  KEY `ACT_IDX_HI_ACT_INST_START` (`START_TIME_`),
  KEY `ACT_IDX_HI_ACT_INST_END` (`END_TIME_`),
  KEY `ACT_IDX_HI_ACT_INST_PROCINST` (`PROC_INST_ID_`,`ACT_ID_`),
  KEY `ACT_IDX_HI_ACT_INST_EXEC` (`EXECUTION_ID_`,`ACT_ID_`)
) ENGINE=InnoDB DEFAULT CHARSET=utf8 COLLATE=utf8_bin;

-- ----------------------------
-- Records of ACT_HI_ACTINST
-- ----------------------------
INSERT INTO `ACT_HI_ACTINST` VALUES ('1102', 'transfer:1:1004', '1101', '1101', 'startevent1', null, null, 'Start', 'startEvent', null, '2018-04-11 17:02:28.000', '2018-04-11 17:02:28.000', '24', '');
INSERT INTO `ACT_HI_ACTINST` VALUES ('1106', 'transfer:1:1004', '1101', '1101', 'checkWorkOrderManage', '1107', null, '审核工作单', 'userTask', '4028b88162b758a70162b765531e0002', '2018-04-11 17:02:28.000', '2018-04-12 12:10:20.000', '68872160', '');
INSERT INTO `ACT_HI_ACTINST` VALUES ('1402', 'transfer:1:1004', '1101', '1101', 'checkYesOrNo', null, null, 'Exclusive Gateway', 'exclusiveGateway', null, '2018-04-12 12:10:20.000', '2018-04-12 12:10:20.000', '4', '');
INSERT INTO `ACT_HI_ACTINST` VALUES ('1403', 'transfer:1:1004', '1101', '1101', 'outStore', '1404', null, '货物出库', 'userTask', null, '2018-04-12 12:10:20.000', null, null, '');

-- ----------------------------
-- Table structure for ACT_HI_ATTACHMENT
-- ----------------------------
DROP TABLE IF EXISTS `ACT_HI_ATTACHMENT`;
CREATE TABLE `ACT_HI_ATTACHMENT` (
  `ID_` varchar(64) COLLATE utf8_bin NOT NULL,
  `REV_` int(11) DEFAULT NULL,
  `USER_ID_` varchar(255) COLLATE utf8_bin DEFAULT NULL,
  `NAME_` varchar(255) COLLATE utf8_bin DEFAULT NULL,
  `DESCRIPTION_` varchar(4000) COLLATE utf8_bin DEFAULT NULL,
  `TYPE_` varchar(255) COLLATE utf8_bin DEFAULT NULL,
  `TASK_ID_` varchar(64) COLLATE utf8_bin DEFAULT NULL,
  `PROC_INST_ID_` varchar(64) COLLATE utf8_bin DEFAULT NULL,
  `URL_` varchar(4000) COLLATE utf8_bin DEFAULT NULL,
  `CONTENT_ID_` varchar(64) COLLATE utf8_bin DEFAULT NULL,
  PRIMARY KEY (`ID_`)
) ENGINE=InnoDB DEFAULT CHARSET=utf8 COLLATE=utf8_bin;

-- ----------------------------
-- Records of ACT_HI_ATTACHMENT
-- ----------------------------

-- ----------------------------
-- Table structure for ACT_HI_COMMENT
-- ----------------------------
DROP TABLE IF EXISTS `ACT_HI_COMMENT`;
CREATE TABLE `ACT_HI_COMMENT` (
  `ID_` varchar(64) COLLATE utf8_bin NOT NULL,
  `TYPE_` varchar(255) COLLATE utf8_bin DEFAULT NULL,
  `TIME_` datetime(3) NOT NULL,
  `USER_ID_` varchar(255) COLLATE utf8_bin DEFAULT NULL,
  `TASK_ID_` varchar(64) COLLATE utf8_bin DEFAULT NULL,
  `PROC_INST_ID_` varchar(64) COLLATE utf8_bin DEFAULT NULL,
  `ACTION_` varchar(255) COLLATE utf8_bin DEFAULT NULL,
  `MESSAGE_` varchar(4000) COLLATE utf8_bin DEFAULT NULL,
  `FULL_MSG_` longblob,
  PRIMARY KEY (`ID_`)
) ENGINE=InnoDB DEFAULT CHARSET=utf8 COLLATE=utf8_bin;

-- ----------------------------
-- Records of ACT_HI_COMMENT
-- ----------------------------

-- ----------------------------
-- Table structure for ACT_HI_DETAIL
-- ----------------------------
DROP TABLE IF EXISTS `ACT_HI_DETAIL`;
CREATE TABLE `ACT_HI_DETAIL` (
  `ID_` varchar(64) COLLATE utf8_bin NOT NULL,
  `TYPE_` varchar(255) COLLATE utf8_bin NOT NULL,
  `PROC_INST_ID_` varchar(64) COLLATE utf8_bin DEFAULT NULL,
  `EXECUTION_ID_` varchar(64) COLLATE utf8_bin DEFAULT NULL,
  `TASK_ID_` varchar(64) COLLATE utf8_bin DEFAULT NULL,
  `ACT_INST_ID_` varchar(64) COLLATE utf8_bin DEFAULT NULL,
  `NAME_` varchar(255) COLLATE utf8_bin NOT NULL,
  `VAR_TYPE_` varchar(255) COLLATE utf8_bin DEFAULT NULL,
  `REV_` int(11) DEFAULT NULL,
  `TIME_` datetime(3) NOT NULL,
  `BYTEARRAY_ID_` varchar(64) COLLATE utf8_bin DEFAULT NULL,
  `DOUBLE_` double DEFAULT NULL,
  `LONG_` bigint(20) DEFAULT NULL,
  `TEXT_` varchar(4000) COLLATE utf8_bin DEFAULT NULL,
  `TEXT2_` varchar(4000) COLLATE utf8_bin DEFAULT NULL,
  PRIMARY KEY (`ID_`),
  KEY `ACT_IDX_HI_DETAIL_PROC_INST` (`PROC_INST_ID_`),
  KEY `ACT_IDX_HI_DETAIL_ACT_INST` (`ACT_INST_ID_`),
  KEY `ACT_IDX_HI_DETAIL_TIME` (`TIME_`),
  KEY `ACT_IDX_HI_DETAIL_NAME` (`NAME_`),
  KEY `ACT_IDX_HI_DETAIL_TASK_ID` (`TASK_ID_`)
) ENGINE=InnoDB DEFAULT CHARSET=utf8 COLLATE=utf8_bin;

-- ----------------------------
-- Records of ACT_HI_DETAIL
-- ----------------------------

-- ----------------------------
-- Table structure for ACT_HI_IDENTITYLINK
-- ----------------------------
DROP TABLE IF EXISTS `ACT_HI_IDENTITYLINK`;
CREATE TABLE `ACT_HI_IDENTITYLINK` (
  `ID_` varchar(64) COLLATE utf8_bin NOT NULL DEFAULT '',
  `GROUP_ID_` varchar(255) COLLATE utf8_bin DEFAULT NULL,
  `TYPE_` varchar(255) COLLATE utf8_bin DEFAULT NULL,
  `USER_ID_` varchar(255) COLLATE utf8_bin DEFAULT NULL,
  `TASK_ID_` varchar(64) COLLATE utf8_bin DEFAULT NULL,
  `PROC_INST_ID_` varchar(64) COLLATE utf8_bin DEFAULT NULL,
  PRIMARY KEY (`ID_`),
  KEY `ACT_IDX_HI_IDENT_LNK_USER` (`USER_ID_`),
  KEY `ACT_IDX_HI_IDENT_LNK_TASK` (`TASK_ID_`),
  KEY `ACT_IDX_HI_IDENT_LNK_PROCINST` (`PROC_INST_ID_`)
) ENGINE=InnoDB DEFAULT CHARSET=utf8 COLLATE=utf8_bin;

-- ----------------------------
-- Records of ACT_HI_IDENTITYLINK
-- ----------------------------
INSERT INTO `ACT_HI_IDENTITYLINK` VALUES ('1108', '业务员', 'candidate', null, '1107', null);
INSERT INTO `ACT_HI_IDENTITYLINK` VALUES ('1301', null, 'participant', '4028b88162b758a70162b765531e0002', null, '1101');
INSERT INTO `ACT_HI_IDENTITYLINK` VALUES ('1405', '仓库管理员', 'candidate', null, '1404', null);

-- ----------------------------
-- Table structure for ACT_HI_PROCINST
-- ----------------------------
DROP TABLE IF EXISTS `ACT_HI_PROCINST`;
CREATE TABLE `ACT_HI_PROCINST` (
  `ID_` varchar(64) COLLATE utf8_bin NOT NULL,
  `PROC_INST_ID_` varchar(64) COLLATE utf8_bin NOT NULL,
  `BUSINESS_KEY_` varchar(255) COLLATE utf8_bin DEFAULT NULL,
  `PROC_DEF_ID_` varchar(64) COLLATE utf8_bin NOT NULL,
  `START_TIME_` datetime(3) NOT NULL,
  `END_TIME_` datetime(3) DEFAULT NULL,
  `DURATION_` bigint(20) DEFAULT NULL,
  `START_USER_ID_` varchar(255) COLLATE utf8_bin DEFAULT NULL,
  `START_ACT_ID_` varchar(255) COLLATE utf8_bin DEFAULT NULL,
  `END_ACT_ID_` varchar(255) COLLATE utf8_bin DEFAULT NULL,
  `SUPER_PROCESS_INSTANCE_ID_` varchar(64) COLLATE utf8_bin DEFAULT NULL,
  `DELETE_REASON_` varchar(4000) COLLATE utf8_bin DEFAULT NULL,
  `TENANT_ID_` varchar(255) COLLATE utf8_bin DEFAULT '',
  PRIMARY KEY (`ID_`),
  UNIQUE KEY `PROC_INST_ID_` (`PROC_INST_ID_`),
  KEY `ACT_IDX_HI_PRO_INST_END` (`END_TIME_`),
  KEY `ACT_IDX_HI_PRO_I_BUSKEY` (`BUSINESS_KEY_`)
) ENGINE=InnoDB DEFAULT CHARSET=utf8 COLLATE=utf8_bin;

-- ----------------------------
-- Records of ACT_HI_PROCINST
-- ----------------------------
INSERT INTO `ACT_HI_PROCINST` VALUES ('1101', '1101', '11', 'transfer:1:1004', '2018-04-11 17:02:28.000', null, null, null, 'startevent1', null, null, null, '');

-- ----------------------------
-- Table structure for ACT_HI_TASKINST
-- ----------------------------
DROP TABLE IF EXISTS `ACT_HI_TASKINST`;
CREATE TABLE `ACT_HI_TASKINST` (
  `ID_` varchar(64) COLLATE utf8_bin NOT NULL,
  `PROC_DEF_ID_` varchar(64) COLLATE utf8_bin DEFAULT NULL,
  `TASK_DEF_KEY_` varchar(255) COLLATE utf8_bin DEFAULT NULL,
  `PROC_INST_ID_` varchar(64) COLLATE utf8_bin DEFAULT NULL,
  `EXECUTION_ID_` varchar(64) COLLATE utf8_bin DEFAULT NULL,
  `NAME_` varchar(255) COLLATE utf8_bin DEFAULT NULL,
  `PARENT_TASK_ID_` varchar(64) COLLATE utf8_bin DEFAULT NULL,
  `DESCRIPTION_` varchar(4000) COLLATE utf8_bin DEFAULT NULL,
  `OWNER_` varchar(255) COLLATE utf8_bin DEFAULT NULL,
  `ASSIGNEE_` varchar(255) COLLATE utf8_bin DEFAULT NULL,
  `START_TIME_` datetime(3) NOT NULL,
  `CLAIM_TIME_` datetime(3) DEFAULT NULL,
  `END_TIME_` datetime(3) DEFAULT NULL,
  `DURATION_` bigint(20) DEFAULT NULL,
  `DELETE_REASON_` varchar(4000) COLLATE utf8_bin DEFAULT NULL,
  `PRIORITY_` int(11) DEFAULT NULL,
  `DUE_DATE_` datetime(3) DEFAULT NULL,
  `FORM_KEY_` varchar(255) COLLATE utf8_bin DEFAULT NULL,
  `CATEGORY_` varchar(255) COLLATE utf8_bin DEFAULT NULL,
  `TENANT_ID_` varchar(255) COLLATE utf8_bin DEFAULT '',
  PRIMARY KEY (`ID_`)
) ENGINE=InnoDB DEFAULT CHARSET=utf8 COLLATE=utf8_bin;

-- ----------------------------
-- Records of ACT_HI_TASKINST
-- ----------------------------
INSERT INTO `ACT_HI_TASKINST` VALUES ('1107', 'transfer:1:1004', 'checkWorkOrderManage', '1101', '1101', '审核工作单', null, null, null, '4028b88162b758a70162b765531e0002', '2018-04-11 17:02:28.000', '2018-04-12 09:43:11.000', '2018-04-12 12:10:20.000', '68872145', 'completed', '50', null, null, null, '');
INSERT INTO `ACT_HI_TASKINST` VALUES ('1404', 'transfer:1:1004', 'outStore', '1101', '1101', '货物出库', null, null, null, null, '2018-04-12 12:10:20.000', null, null, null, null, '50', null, null, null, '');

-- ----------------------------
-- Table structure for ACT_HI_VARINST
-- ----------------------------
DROP TABLE IF EXISTS `ACT_HI_VARINST`;
CREATE TABLE `ACT_HI_VARINST` (
  `ID_` varchar(64) COLLATE utf8_bin NOT NULL,
  `PROC_INST_ID_` varchar(64) COLLATE utf8_bin DEFAULT NULL,
  `EXECUTION_ID_` varchar(64) COLLATE utf8_bin DEFAULT NULL,
  `TASK_ID_` varchar(64) COLLATE utf8_bin DEFAULT NULL,
  `NAME_` varchar(255) COLLATE utf8_bin NOT NULL,
  `VAR_TYPE_` varchar(100) COLLATE utf8_bin DEFAULT NULL,
  `REV_` int(11) DEFAULT NULL,
  `BYTEARRAY_ID_` varchar(64) COLLATE utf8_bin DEFAULT NULL,
  `DOUBLE_` double DEFAULT NULL,
  `LONG_` bigint(20) DEFAULT NULL,
  `TEXT_` varchar(4000) COLLATE utf8_bin DEFAULT NULL,
  `TEXT2_` varchar(4000) COLLATE utf8_bin DEFAULT NULL,
  `CREATE_TIME_` datetime(3) DEFAULT NULL,
  `LAST_UPDATED_TIME_` datetime(3) DEFAULT NULL,
  PRIMARY KEY (`ID_`),
  KEY `ACT_IDX_HI_PROCVAR_PROC_INST` (`PROC_INST_ID_`),
  KEY `ACT_IDX_HI_PROCVAR_NAME_TYPE` (`NAME_`,`VAR_TYPE_`)
) ENGINE=InnoDB DEFAULT CHARSET=utf8 COLLATE=utf8_bin;

-- ----------------------------
-- Records of ACT_HI_VARINST
-- ----------------------------
INSERT INTO `ACT_HI_VARINST` VALUES ('1104', '1101', '1101', null, '业务数据', 'serializable', '0', '1105', null, null, null, null, '2018-04-11 17:02:28.000', '2018-04-11 17:02:28.000');
INSERT INTO `ACT_HI_VARINST` VALUES ('1401', '1101', '1101', null, 'check', 'integer', '0', null, null, '1', '1', null, '2018-04-12 12:10:19.000', '2018-04-12 12:10:19.000');

-- ----------------------------
-- Table structure for ACT_ID_GROUP
-- ----------------------------
DROP TABLE IF EXISTS `ACT_ID_GROUP`;
CREATE TABLE `ACT_ID_GROUP` (
  `ID_` varchar(64) COLLATE utf8_bin NOT NULL DEFAULT '',
  `REV_` int(11) DEFAULT NULL,
  `NAME_` varchar(255) COLLATE utf8_bin DEFAULT NULL,
  `TYPE_` varchar(255) COLLATE utf8_bin DEFAULT NULL,
  PRIMARY KEY (`ID_`)
) ENGINE=InnoDB DEFAULT CHARSET=utf8 COLLATE=utf8_bin;

-- ----------------------------
-- Records of ACT_ID_GROUP
-- ----------------------------
INSERT INTO `ACT_ID_GROUP` VALUES ('业务员', '1', null, null);

-- ----------------------------
-- Table structure for ACT_ID_INFO
-- ----------------------------
DROP TABLE IF EXISTS `ACT_ID_INFO`;
CREATE TABLE `ACT_ID_INFO` (
  `ID_` varchar(64) COLLATE utf8_bin NOT NULL DEFAULT '',
  `REV_` int(11) DEFAULT NULL,
  `USER_ID_` varchar(64) COLLATE utf8_bin DEFAULT NULL,
  `TYPE_` varchar(64) COLLATE utf8_bin DEFAULT NULL,
  `KEY_` varchar(255) COLLATE utf8_bin DEFAULT NULL,
  `VALUE_` varchar(255) COLLATE utf8_bin DEFAULT NULL,
  `PASSWORD_` longblob,
  `PARENT_ID_` varchar(255) COLLATE utf8_bin DEFAULT NULL,
  PRIMARY KEY (`ID_`)
) ENGINE=InnoDB DEFAULT CHARSET=utf8 COLLATE=utf8_bin;

-- ----------------------------
-- Records of ACT_ID_INFO
-- ----------------------------

-- ----------------------------
-- Table structure for ACT_ID_MEMBERSHIP
-- ----------------------------
DROP TABLE IF EXISTS `ACT_ID_MEMBERSHIP`;
CREATE TABLE `ACT_ID_MEMBERSHIP` (
  `USER_ID_` varchar(64) COLLATE utf8_bin NOT NULL DEFAULT '',
  `GROUP_ID_` varchar(64) COLLATE utf8_bin NOT NULL DEFAULT '',
  PRIMARY KEY (`USER_ID_`,`GROUP_ID_`),
  KEY `ACT_FK_MEMB_GROUP` (`GROUP_ID_`),
  CONSTRAINT `ACT_FK_MEMB_GROUP` FOREIGN KEY (`GROUP_ID_`) REFERENCES `ACT_ID_GROUP` (`ID_`),
  CONSTRAINT `ACT_FK_MEMB_USER` FOREIGN KEY (`USER_ID_`) REFERENCES `ACT_ID_USER` (`ID_`)
) ENGINE=InnoDB DEFAULT CHARSET=utf8 COLLATE=utf8_bin;

-- ----------------------------
-- Records of ACT_ID_MEMBERSHIP
-- ----------------------------
INSERT INTO `ACT_ID_MEMBERSHIP` VALUES ('4028b88162b758a70162b765531e0002', '业务员');

-- ----------------------------
-- Table structure for ACT_ID_USER
-- ----------------------------
DROP TABLE IF EXISTS `ACT_ID_USER`;
CREATE TABLE `ACT_ID_USER` (
  `ID_` varchar(64) COLLATE utf8_bin NOT NULL DEFAULT '',
  `REV_` int(11) DEFAULT NULL,
  `FIRST_` varchar(255) COLLATE utf8_bin DEFAULT NULL,
  `LAST_` varchar(255) COLLATE utf8_bin DEFAULT NULL,
  `EMAIL_` varchar(255) COLLATE utf8_bin DEFAULT NULL,
  `PWD_` varchar(255) COLLATE utf8_bin DEFAULT NULL,
  `PICTURE_ID_` varchar(64) COLLATE utf8_bin DEFAULT NULL,
  PRIMARY KEY (`ID_`)
) ENGINE=InnoDB DEFAULT CHARSET=utf8 COLLATE=utf8_bin;

-- ----------------------------
-- Records of ACT_ID_USER
-- ----------------------------
INSERT INTO `ACT_ID_USER` VALUES ('4028b88162b758a70162b765531e0002', '1', null, null, null, null, null);

-- ----------------------------
-- Table structure for ACT_RE_DEPLOYMENT
-- ----------------------------
DROP TABLE IF EXISTS `ACT_RE_DEPLOYMENT`;
CREATE TABLE `ACT_RE_DEPLOYMENT` (
  `ID_` varchar(64) COLLATE utf8_bin NOT NULL DEFAULT '',
  `NAME_` varchar(255) COLLATE utf8_bin DEFAULT NULL,
  `CATEGORY_` varchar(255) COLLATE utf8_bin DEFAULT NULL,
  `TENANT_ID_` varchar(255) COLLATE utf8_bin DEFAULT '',
  `DEPLOY_TIME_` timestamp(3) NOT NULL DEFAULT CURRENT_TIMESTAMP(3) ON UPDATE CURRENT_TIMESTAMP(3),
  PRIMARY KEY (`ID_`)
) ENGINE=InnoDB DEFAULT CHARSET=utf8 COLLATE=utf8_bin;

-- ----------------------------
-- Records of ACT_RE_DEPLOYMENT
-- ----------------------------
INSERT INTO `ACT_RE_DEPLOYMENT` VALUES ('1001', null, null, '', '2018-04-11 17:01:42.027');
INSERT INTO `ACT_RE_DEPLOYMENT` VALUES ('1430', null, null, '', '2018-04-12 16:27:04.000');
INSERT INTO `ACT_RE_DEPLOYMENT` VALUES ('1434', null, null, '', '2018-04-12 16:27:32.000');

-- ----------------------------
-- Table structure for ACT_RE_MODEL
-- ----------------------------
DROP TABLE IF EXISTS `ACT_RE_MODEL`;
CREATE TABLE `ACT_RE_MODEL` (
  `ID_` varchar(64) COLLATE utf8_bin NOT NULL,
  `REV_` int(11) DEFAULT NULL,
  `NAME_` varchar(255) COLLATE utf8_bin DEFAULT NULL,
  `KEY_` varchar(255) COLLATE utf8_bin DEFAULT NULL,
  `CATEGORY_` varchar(255) COLLATE utf8_bin DEFAULT NULL,
  `CREATE_TIME_` timestamp(3) NULL DEFAULT NULL,
  `LAST_UPDATE_TIME_` timestamp(3) NULL DEFAULT NULL,
  `VERSION_` int(11) DEFAULT NULL,
  `META_INFO_` varchar(4000) COLLATE utf8_bin DEFAULT NULL,
  `DEPLOYMENT_ID_` varchar(64) COLLATE utf8_bin DEFAULT NULL,
  `EDITOR_SOURCE_VALUE_ID_` varchar(64) COLLATE utf8_bin DEFAULT NULL,
  `EDITOR_SOURCE_EXTRA_VALUE_ID_` varchar(64) COLLATE utf8_bin DEFAULT NULL,
  `TENANT_ID_` varchar(255) COLLATE utf8_bin DEFAULT '',
  PRIMARY KEY (`ID_`),
  KEY `ACT_FK_MODEL_SOURCE` (`EDITOR_SOURCE_VALUE_ID_`),
  KEY `ACT_FK_MODEL_SOURCE_EXTRA` (`EDITOR_SOURCE_EXTRA_VALUE_ID_`),
  KEY `ACT_FK_MODEL_DEPLOYMENT` (`DEPLOYMENT_ID_`),
  CONSTRAINT `ACT_FK_MODEL_DEPLOYMENT` FOREIGN KEY (`DEPLOYMENT_ID_`) REFERENCES `ACT_RE_DEPLOYMENT` (`ID_`),
  CONSTRAINT `ACT_FK_MODEL_SOURCE` FOREIGN KEY (`EDITOR_SOURCE_VALUE_ID_`) REFERENCES `ACT_GE_BYTEARRAY` (`ID_`),
  CONSTRAINT `ACT_FK_MODEL_SOURCE_EXTRA` FOREIGN KEY (`EDITOR_SOURCE_EXTRA_VALUE_ID_`) REFERENCES `ACT_GE_BYTEARRAY` (`ID_`)
) ENGINE=InnoDB DEFAULT CHARSET=utf8 COLLATE=utf8_bin;

-- ----------------------------
-- Records of ACT_RE_MODEL
-- ----------------------------

-- ----------------------------
-- Table structure for ACT_RE_PROCDEF
-- ----------------------------
DROP TABLE IF EXISTS `ACT_RE_PROCDEF`;
CREATE TABLE `ACT_RE_PROCDEF` (
  `ID_` varchar(64) COLLATE utf8_bin NOT NULL,
  `REV_` int(11) DEFAULT NULL,
  `CATEGORY_` varchar(255) COLLATE utf8_bin DEFAULT NULL,
  `NAME_` varchar(255) COLLATE utf8_bin DEFAULT NULL,
  `KEY_` varchar(255) COLLATE utf8_bin NOT NULL,
  `VERSION_` int(11) NOT NULL,
  `DEPLOYMENT_ID_` varchar(64) COLLATE utf8_bin DEFAULT NULL,
  `RESOURCE_NAME_` varchar(4000) COLLATE utf8_bin DEFAULT NULL,
  `DGRM_RESOURCE_NAME_` varchar(4000) COLLATE utf8_bin DEFAULT NULL,
  `DESCRIPTION_` varchar(4000) COLLATE utf8_bin DEFAULT NULL,
  `HAS_START_FORM_KEY_` tinyint(4) DEFAULT NULL,
  `SUSPENSION_STATE_` int(11) DEFAULT NULL,
  `TENANT_ID_` varchar(255) COLLATE utf8_bin DEFAULT '',
  PRIMARY KEY (`ID_`),
  UNIQUE KEY `ACT_UNIQ_PROCDEF` (`KEY_`,`VERSION_`,`TENANT_ID_`)
) ENGINE=InnoDB DEFAULT CHARSET=utf8 COLLATE=utf8_bin;

-- ----------------------------
-- Records of ACT_RE_PROCDEF
-- ----------------------------
INSERT INTO `ACT_RE_PROCDEF` VALUES ('qingjiaid:1:1433', '1', 'http://www.activiti.org/test', 'qingjianame', 'qingjiaid', '1', '1430', 'qingjia.bpmn', 'qingjia.png', null, '0', '1', '');
INSERT INTO `ACT_RE_PROCDEF` VALUES ('qingjiaid:2:1437', '1', 'http://www.activiti.org/test', 'qingjianame', 'qingjiaid', '2', '1434', 'qingjia.bpmn', 'qingjia.png', null, '0', '1', '');
INSERT INTO `ACT_RE_PROCDEF` VALUES ('transfer:1:1004', '1', 'http://www.activiti.org/test', '物流配送流程', 'transfer', '1', '1001', 'transfer2.bpmn', 'transfer2.png', null, '0', '1', '');

-- ----------------------------
-- Table structure for ACT_RU_EVENT_SUBSCR
-- ----------------------------
DROP TABLE IF EXISTS `ACT_RU_EVENT_SUBSCR`;
CREATE TABLE `ACT_RU_EVENT_SUBSCR` (
  `ID_` varchar(64) COLLATE utf8_bin NOT NULL,
  `REV_` int(11) DEFAULT NULL,
  `EVENT_TYPE_` varchar(255) COLLATE utf8_bin NOT NULL,
  `EVENT_NAME_` varchar(255) COLLATE utf8_bin DEFAULT NULL,
  `EXECUTION_ID_` varchar(64) COLLATE utf8_bin DEFAULT NULL,
  `PROC_INST_ID_` varchar(64) COLLATE utf8_bin DEFAULT NULL,
  `ACTIVITY_ID_` varchar(64) COLLATE utf8_bin DEFAULT NULL,
  `CONFIGURATION_` varchar(255) COLLATE utf8_bin DEFAULT NULL,
  `CREATED_` timestamp(3) NOT NULL DEFAULT CURRENT_TIMESTAMP(3),
  `PROC_DEF_ID_` varchar(64) COLLATE utf8_bin DEFAULT NULL,
  `TENANT_ID_` varchar(255) COLLATE utf8_bin DEFAULT '',
  PRIMARY KEY (`ID_`),
  KEY `ACT_IDX_EVENT_SUBSCR_CONFIG_` (`CONFIGURATION_`),
  KEY `ACT_FK_EVENT_EXEC` (`EXECUTION_ID_`),
  CONSTRAINT `ACT_FK_EVENT_EXEC` FOREIGN KEY (`EXECUTION_ID_`) REFERENCES `ACT_RU_EXECUTION` (`ID_`)
) ENGINE=InnoDB DEFAULT CHARSET=utf8 COLLATE=utf8_bin;

-- ----------------------------
-- Records of ACT_RU_EVENT_SUBSCR
-- ----------------------------

-- ----------------------------
-- Table structure for ACT_RU_EXECUTION
-- ----------------------------
DROP TABLE IF EXISTS `ACT_RU_EXECUTION`;
CREATE TABLE `ACT_RU_EXECUTION` (
  `ID_` varchar(64) COLLATE utf8_bin NOT NULL DEFAULT '',
  `REV_` int(11) DEFAULT NULL,
  `PROC_INST_ID_` varchar(64) COLLATE utf8_bin DEFAULT NULL,
  `BUSINESS_KEY_` varchar(255) COLLATE utf8_bin DEFAULT NULL,
  `PARENT_ID_` varchar(64) COLLATE utf8_bin DEFAULT NULL,
  `PROC_DEF_ID_` varchar(64) COLLATE utf8_bin DEFAULT NULL,
  `SUPER_EXEC_` varchar(64) COLLATE utf8_bin DEFAULT NULL,
  `ACT_ID_` varchar(255) COLLATE utf8_bin DEFAULT NULL,
  `IS_ACTIVE_` tinyint(4) DEFAULT NULL,
  `IS_CONCURRENT_` tinyint(4) DEFAULT NULL,
  `IS_SCOPE_` tinyint(4) DEFAULT NULL,
  `IS_EVENT_SCOPE_` tinyint(4) DEFAULT NULL,
  `SUSPENSION_STATE_` int(11) DEFAULT NULL,
  `CACHED_ENT_STATE_` int(11) DEFAULT NULL,
  `TENANT_ID_` varchar(255) COLLATE utf8_bin DEFAULT '',
  PRIMARY KEY (`ID_`),
  KEY `ACT_IDX_EXEC_BUSKEY` (`BUSINESS_KEY_`),
  KEY `ACT_FK_EXE_PROCINST` (`PROC_INST_ID_`),
  KEY `ACT_FK_EXE_PARENT` (`PARENT_ID_`),
  KEY `ACT_FK_EXE_SUPER` (`SUPER_EXEC_`),
  KEY `ACT_FK_EXE_PROCDEF` (`PROC_DEF_ID_`),
  CONSTRAINT `ACT_FK_EXE_PARENT` FOREIGN KEY (`PARENT_ID_`) REFERENCES `ACT_RU_EXECUTION` (`ID_`),
  CONSTRAINT `ACT_FK_EXE_PROCDEF` FOREIGN KEY (`PROC_DEF_ID_`) REFERENCES `ACT_RE_PROCDEF` (`ID_`),
  CONSTRAINT `ACT_FK_EXE_PROCINST` FOREIGN KEY (`PROC_INST_ID_`) REFERENCES `ACT_RU_EXECUTION` (`ID_`) ON DELETE CASCADE ON UPDATE CASCADE,
  CONSTRAINT `ACT_FK_EXE_SUPER` FOREIGN KEY (`SUPER_EXEC_`) REFERENCES `ACT_RU_EXECUTION` (`ID_`)
) ENGINE=InnoDB DEFAULT CHARSET=utf8 COLLATE=utf8_bin;

-- ----------------------------
-- Records of ACT_RU_EXECUTION
-- ----------------------------
INSERT INTO `ACT_RU_EXECUTION` VALUES ('1101', '2', '1101', '11', null, 'transfer:1:1004', null, 'outStore', '1', '0', '1', '0', '1', '2', '');

-- ----------------------------
-- Table structure for ACT_RU_IDENTITYLINK
-- ----------------------------
DROP TABLE IF EXISTS `ACT_RU_IDENTITYLINK`;
CREATE TABLE `ACT_RU_IDENTITYLINK` (
  `ID_` varchar(64) COLLATE utf8_bin NOT NULL DEFAULT '',
  `REV_` int(11) DEFAULT NULL,
  `GROUP_ID_` varchar(255) COLLATE utf8_bin DEFAULT NULL,
  `TYPE_` varchar(255) COLLATE utf8_bin DEFAULT NULL,
  `USER_ID_` varchar(255) COLLATE utf8_bin DEFAULT NULL,
  `TASK_ID_` varchar(64) COLLATE utf8_bin DEFAULT NULL,
  `PROC_INST_ID_` varchar(64) COLLATE utf8_bin DEFAULT NULL,
  `PROC_DEF_ID_` varchar(64) COLLATE utf8_bin DEFAULT NULL,
  PRIMARY KEY (`ID_`),
  KEY `ACT_IDX_IDENT_LNK_USER` (`USER_ID_`),
  KEY `ACT_IDX_IDENT_LNK_GROUP` (`GROUP_ID_`),
  KEY `ACT_IDX_ATHRZ_PROCEDEF` (`PROC_DEF_ID_`),
  KEY `ACT_FK_TSKASS_TASK` (`TASK_ID_`),
  KEY `ACT_FK_IDL_PROCINST` (`PROC_INST_ID_`),
  CONSTRAINT `ACT_FK_ATHRZ_PROCEDEF` FOREIGN KEY (`PROC_DEF_ID_`) REFERENCES `ACT_RE_PROCDEF` (`ID_`),
  CONSTRAINT `ACT_FK_IDL_PROCINST` FOREIGN KEY (`PROC_INST_ID_`) REFERENCES `ACT_RU_EXECUTION` (`ID_`),
  CONSTRAINT `ACT_FK_TSKASS_TASK` FOREIGN KEY (`TASK_ID_`) REFERENCES `ACT_RU_TASK` (`ID_`)
) ENGINE=InnoDB DEFAULT CHARSET=utf8 COLLATE=utf8_bin;

-- ----------------------------
-- Records of ACT_RU_IDENTITYLINK
-- ----------------------------
INSERT INTO `ACT_RU_IDENTITYLINK` VALUES ('1301', '1', null, 'participant', '4028b88162b758a70162b765531e0002', null, '1101', null);
INSERT INTO `ACT_RU_IDENTITYLINK` VALUES ('1405', '1', '仓库管理员', 'candidate', null, '1404', null, null);

-- ----------------------------
-- Table structure for ACT_RU_JOB
-- ----------------------------
DROP TABLE IF EXISTS `ACT_RU_JOB`;
CREATE TABLE `ACT_RU_JOB` (
  `ID_` varchar(64) COLLATE utf8_bin NOT NULL,
  `REV_` int(11) DEFAULT NULL,
  `TYPE_` varchar(255) COLLATE utf8_bin NOT NULL,
  `LOCK_EXP_TIME_` timestamp(3) NULL DEFAULT NULL,
  `LOCK_OWNER_` varchar(255) COLLATE utf8_bin DEFAULT NULL,
  `EXCLUSIVE_` tinyint(1) DEFAULT NULL,
  `EXECUTION_ID_` varchar(64) COLLATE utf8_bin DEFAULT NULL,
  `PROCESS_INSTANCE_ID_` varchar(64) COLLATE utf8_bin DEFAULT NULL,
  `PROC_DEF_ID_` varchar(64) COLLATE utf8_bin DEFAULT NULL,
  `RETRIES_` int(11) DEFAULT NULL,
  `EXCEPTION_STACK_ID_` varchar(64) COLLATE utf8_bin DEFAULT NULL,
  `EXCEPTION_MSG_` varchar(4000) COLLATE utf8_bin DEFAULT NULL,
  `DUEDATE_` timestamp(3) NULL DEFAULT NULL,
  `REPEAT_` varchar(255) COLLATE utf8_bin DEFAULT NULL,
  `HANDLER_TYPE_` varchar(255) COLLATE utf8_bin DEFAULT NULL,
  `HANDLER_CFG_` varchar(4000) COLLATE utf8_bin DEFAULT NULL,
  `TENANT_ID_` varchar(255) COLLATE utf8_bin DEFAULT '',
  PRIMARY KEY (`ID_`),
  KEY `ACT_FK_JOB_EXCEPTION` (`EXCEPTION_STACK_ID_`),
  CONSTRAINT `ACT_FK_JOB_EXCEPTION` FOREIGN KEY (`EXCEPTION_STACK_ID_`) REFERENCES `ACT_GE_BYTEARRAY` (`ID_`)
) ENGINE=InnoDB DEFAULT CHARSET=utf8 COLLATE=utf8_bin;

-- ----------------------------
-- Records of ACT_RU_JOB
-- ----------------------------

-- ----------------------------
-- Table structure for ACT_RU_TASK
-- ----------------------------
DROP TABLE IF EXISTS `ACT_RU_TASK`;
CREATE TABLE `ACT_RU_TASK` (
  `ID_` varchar(64) COLLATE utf8_bin NOT NULL DEFAULT '',
  `REV_` int(11) DEFAULT NULL,
  `EXECUTION_ID_` varchar(64) COLLATE utf8_bin DEFAULT NULL,
  `PROC_INST_ID_` varchar(64) COLLATE utf8_bin DEFAULT NULL,
  `PROC_DEF_ID_` varchar(64) COLLATE utf8_bin DEFAULT NULL,
  `NAME_` varchar(255) COLLATE utf8_bin DEFAULT NULL,
  `PARENT_TASK_ID_` varchar(64) COLLATE utf8_bin DEFAULT NULL,
  `DESCRIPTION_` varchar(4000) COLLATE utf8_bin DEFAULT NULL,
  `TASK_DEF_KEY_` varchar(255) COLLATE utf8_bin DEFAULT NULL,
  `OWNER_` varchar(255) COLLATE utf8_bin DEFAULT NULL,
  `ASSIGNEE_` varchar(255) COLLATE utf8_bin DEFAULT NULL,
  `DELEGATION_` varchar(64) COLLATE utf8_bin DEFAULT NULL,
  `PRIORITY_` int(11) DEFAULT NULL,
  `CREATE_TIME_` timestamp(3) NOT NULL DEFAULT CURRENT_TIMESTAMP(3) ON UPDATE CURRENT_TIMESTAMP(3),
  `DUE_DATE_` datetime(3) DEFAULT NULL,
  `CATEGORY_` varchar(255) COLLATE utf8_bin DEFAULT NULL,
  `SUSPENSION_STATE_` int(11) DEFAULT NULL,
  `TENANT_ID_` varchar(255) COLLATE utf8_bin DEFAULT '',
  PRIMARY KEY (`ID_`),
  KEY `ACT_IDX_TASK_CREATE` (`CREATE_TIME_`),
  KEY `ACT_FK_TASK_EXE` (`EXECUTION_ID_`),
  KEY `ACT_FK_TASK_PROCINST` (`PROC_INST_ID_`),
  KEY `ACT_FK_TASK_PROCDEF` (`PROC_DEF_ID_`),
  CONSTRAINT `ACT_FK_TASK_EXE` FOREIGN KEY (`EXECUTION_ID_`) REFERENCES `ACT_RU_EXECUTION` (`ID_`),
  CONSTRAINT `ACT_FK_TASK_PROCDEF` FOREIGN KEY (`PROC_DEF_ID_`) REFERENCES `ACT_RE_PROCDEF` (`ID_`),
  CONSTRAINT `ACT_FK_TASK_PROCINST` FOREIGN KEY (`PROC_INST_ID_`) REFERENCES `ACT_RU_EXECUTION` (`ID_`)
) ENGINE=InnoDB DEFAULT CHARSET=utf8 COLLATE=utf8_bin;

-- ----------------------------
-- Records of ACT_RU_TASK
-- ----------------------------
INSERT INTO `ACT_RU_TASK` VALUES ('1404', '1', '1101', '1101', 'transfer:1:1004', '货物出库', null, null, 'outStore', null, null, null, '50', '2018-04-12 12:10:20.000', null, null, '1', '');

-- ----------------------------
-- Table structure for ACT_RU_VARIABLE
-- ----------------------------
DROP TABLE IF EXISTS `ACT_RU_VARIABLE`;
CREATE TABLE `ACT_RU_VARIABLE` (
  `ID_` varchar(64) COLLATE utf8_bin NOT NULL,
  `REV_` int(11) DEFAULT NULL,
  `TYPE_` varchar(255) COLLATE utf8_bin NOT NULL,
  `NAME_` varchar(255) COLLATE utf8_bin NOT NULL,
  `EXECUTION_ID_` varchar(64) COLLATE utf8_bin DEFAULT NULL,
  `PROC_INST_ID_` varchar(64) COLLATE utf8_bin DEFAULT NULL,
  `TASK_ID_` varchar(64) COLLATE utf8_bin DEFAULT NULL,
  `BYTEARRAY_ID_` varchar(64) COLLATE utf8_bin DEFAULT NULL,
  `DOUBLE_` double DEFAULT NULL,
  `LONG_` bigint(20) DEFAULT NULL,
  `TEXT_` varchar(4000) COLLATE utf8_bin DEFAULT NULL,
  `TEXT2_` varchar(4000) COLLATE utf8_bin DEFAULT NULL,
  PRIMARY KEY (`ID_`),
  KEY `ACT_IDX_VARIABLE_TASK_ID` (`TASK_ID_`),
  KEY `ACT_FK_VAR_EXE` (`EXECUTION_ID_`),
  KEY `ACT_FK_VAR_PROCINST` (`PROC_INST_ID_`),
  KEY `ACT_FK_VAR_BYTEARRAY` (`BYTEARRAY_ID_`),
  CONSTRAINT `ACT_FK_VAR_BYTEARRAY` FOREIGN KEY (`BYTEARRAY_ID_`) REFERENCES `ACT_GE_BYTEARRAY` (`ID_`),
  CONSTRAINT `ACT_FK_VAR_EXE` FOREIGN KEY (`EXECUTION_ID_`) REFERENCES `ACT_RU_EXECUTION` (`ID_`),
  CONSTRAINT `ACT_FK_VAR_PROCINST` FOREIGN KEY (`PROC_INST_ID_`) REFERENCES `ACT_RU_EXECUTION` (`ID_`)
) ENGINE=InnoDB DEFAULT CHARSET=utf8 COLLATE=utf8_bin;

-- ----------------------------
-- Records of ACT_RU_VARIABLE
-- ----------------------------
INSERT INTO `ACT_RU_VARIABLE` VALUES ('1104', '1', 'serializable', '业务数据', '1101', '1101', null, '1103', null, null, null, null);
INSERT INTO `ACT_RU_VARIABLE` VALUES ('1401', '1', 'integer', 'check', '1101', '1101', null, null, null, '1', '1', null);

-- ----------------------------
-- Table structure for auth_function
-- ----------------------------
DROP TABLE IF EXISTS `auth_function`;
CREATE TABLE `auth_function` (
  `id` varchar(32) NOT NULL,
  `name` varchar(255) DEFAULT NULL,
  `code` varchar(255) DEFAULT NULL,
  `description` varchar(255) DEFAULT NULL,
  `page` varchar(255) DEFAULT NULL,
  `generatemenu` varchar(255) DEFAULT NULL,
  `zindex` int(11) DEFAULT NULL,
  `pid` varchar(32) DEFAULT NULL,
  PRIMARY KEY (`id`),
  KEY `AK_Key_2` (`name`),
  KEY `FK33r6np87v1p6gge7t6rpcao5h` (`pid`),
  CONSTRAINT `FK33r6np87v1p6gge7t6rpcao5h` FOREIGN KEY (`pid`) REFERENCES `auth_function` (`id`),
  CONSTRAINT `FK_Reference_1` FOREIGN KEY (`pid`) REFERENCES `auth_function` (`id`)
) ENGINE=InnoDB DEFAULT CHARSET=utf8;

-- ----------------------------
-- Records of auth_function
-- ----------------------------
INSERT INTO `auth_function` VALUES ('11', '基础档案', 'jichudangan', null, null, '1', '0', null);
INSERT INTO `auth_function` VALUES ('112', '收派标准', 'standard', null, 'page_base_standard.action', '1', '1', '11');
INSERT INTO `auth_function` VALUES ('113', '取派员设置', 'staff', null, 'page_base_staff.action', '1', '2', '11');
INSERT INTO `auth_function` VALUES ('114', '区域设置', 'region', null, 'page_base_region.action', '1', '3', '11');
INSERT INTO `auth_function` VALUES ('115', '管理分区', 'subarea', null, 'page_base_subarea.action', '1', '4', '11');
INSERT INTO `auth_function` VALUES ('116', '管理定区/调度排班', 'decidedzone', null, 'page_base_decidedzone.action', '1', '5', '11');
INSERT INTO `auth_function` VALUES ('12', '受理', 'shouli', null, null, '1', '1', null);
INSERT INTO `auth_function` VALUES ('121', '业务受理', 'noticebill', null, 'page_qupai_noticebill_add.action', '1', '0', '12');
INSERT INTO `auth_function` VALUES ('122', '工作单快速录入', 'quickworkordermanage', null, 'page_qupai_quickworkorder.action', '1', '1', '12');
INSERT INTO `auth_function` VALUES ('124', '工作单导入', 'workordermanageimport', null, 'page_qupai_workorderimport.action', '1', '3', '12');
INSERT INTO `auth_function` VALUES ('13', '调度', 'diaodu', null, null, '1', '2', null);
INSERT INTO `auth_function` VALUES ('131', '查台转单', 'changestaff', null, null, '1', '0', '13');
INSERT INTO `auth_function` VALUES ('132', '人工调度', 'personalassign', null, 'page_qupai_diaodu.action', '1', '1', '13');
INSERT INTO `auth_function` VALUES ('14', '物流配送流程管理', 'zhongzhuan', null, null, '1', '3', null);
INSERT INTO `auth_function` VALUES ('141', '启动配送流程', 'start', null, 'workordermanageAction_list.action', '1', '0', '14');
INSERT INTO `auth_function` VALUES ('142', '查看个人任务', 'personaltask', null, 'taskAction_findPersonalTask.action', '1', '1', '14');
INSERT INTO `auth_function` VALUES ('143', '查看我的组任务', 'grouptask', null, 'taskAction_findGroupTask.action', '1', '2', '14');
INSERT INTO `auth_function` VALUES ('4028b88162b7ce370162b87483de0005', '新权限1', 'function1', '新权限1', '新权限1', '1', '1', null);
INSERT INTO `auth_function` VALUES ('4028b88162b7ce370162b875d2fa0006', '新权限2', 'function2', '新权限2', '新权限2', '1', '3', null);

-- ----------------------------
-- Table structure for auth_role
-- ----------------------------
DROP TABLE IF EXISTS `auth_role`;
CREATE TABLE `auth_role` (
  `id` varchar(32) NOT NULL,
  `name` varchar(255) DEFAULT NULL,
  `code` varchar(255) DEFAULT NULL,
  `description` varchar(255) DEFAULT NULL,
  PRIMARY KEY (`id`),
  KEY `AK_Key_2` (`name`)
) ENGINE=InnoDB DEFAULT CHARSET=utf8;

-- ----------------------------
-- Records of auth_role
-- ----------------------------
INSERT INTO `auth_role` VALUES ('4028b88162b3e7d10162b3fb27e10002', '业务员', 'ywy', 'ywy');

-- ----------------------------
-- Table structure for bc_decidedzone
-- ----------------------------
DROP TABLE IF EXISTS `bc_decidedzone`;
CREATE TABLE `bc_decidedzone` (
  `id` varchar(32) NOT NULL,
  `name` varchar(30) DEFAULT NULL,
  `staff_id` varchar(32) DEFAULT NULL,
  PRIMARY KEY (`id`),
  KEY `FKh0xplk12o52a6eryw4hcqnfwt` (`staff_id`),
  CONSTRAINT `FK_decidedzone_staff` FOREIGN KEY (`staff_id`) REFERENCES `bc_staff` (`id`),
  CONSTRAINT `FKh0xplk12o52a6eryw4hcqnfwt` FOREIGN KEY (`staff_id`) REFERENCES `bc_staff` (`id`)
) ENGINE=InnoDB DEFAULT CHARSET=utf8;

-- ----------------------------
-- Records of bc_decidedzone
-- ----------------------------
INSERT INTO `bc_decidedzone` VALUES ('1', '1', '4028b881625091a60162509226be0000');
INSERT INTO `bc_decidedzone` VALUES ('2', '2', '4028b881625091a60162509226be0000');

-- ----------------------------
-- Table structure for bc_region
-- ----------------------------
DROP TABLE IF EXISTS `bc_region`;
CREATE TABLE `bc_region` (
  `id` varchar(32) NOT NULL,
  `province` varchar(50) DEFAULT NULL,
  `city` varchar(50) DEFAULT NULL,
  `district` varchar(50) DEFAULT NULL,
  `postcode` varchar(50) DEFAULT NULL,
  `shortcode` varchar(30) DEFAULT NULL,
  `citycode` varchar(30) DEFAULT NULL,
  PRIMARY KEY (`id`)
) ENGINE=InnoDB DEFAULT CHARSET=utf8;

-- ----------------------------
-- Records of bc_region
-- ----------------------------
INSERT INTO `bc_region` VALUES ('QY001', '北京市', '北京市', '东城区1', '110101', 'BJBJDCQ', 'beijing');
INSERT INTO `bc_region` VALUES ('QY002', '北京市', '北京市', '西城区', '110102', 'BJBJXC', 'beijing');
INSERT INTO `bc_region` VALUES ('QY003', '北京市', '北京市', '朝阳区', '110105', 'BJBJCY', 'beijing');
INSERT INTO `bc_region` VALUES ('QY004', '北京市', '北京市', '丰台区', '110106', 'BJBJFT', 'beijing');
INSERT INTO `bc_region` VALUES ('QY005', '北京市', '北京市', '石景山区', '110107', 'BJBJSJS', 'beijing');
INSERT INTO `bc_region` VALUES ('QY006', '北京市', '北京市', '海淀区', '110108', 'BJBJHD', 'beijing');
INSERT INTO `bc_region` VALUES ('QY007', '北京市', '北京市', '门头沟区', '110109', 'BJBJMTG', 'beijing');
INSERT INTO `bc_region` VALUES ('QY008', '北京市', '北京市', '房山区', '110111', 'BJBJFS', 'beijing');
INSERT INTO `bc_region` VALUES ('QY009', '北京市', '北京市', '通州区', '110112', 'BJBJTZ', 'beijing');
INSERT INTO `bc_region` VALUES ('QY010', '北京市', '北京市', '顺义区', '110113', 'BJBJSY', 'beijing');
INSERT INTO `bc_region` VALUES ('QY011', '北京市', '北京市', '昌平区', '110114', 'BJBJCP', 'beijing');
INSERT INTO `bc_region` VALUES ('QY012', '北京市', '北京市', '大兴区', '110115', 'BJBJDX', 'beijing');
INSERT INTO `bc_region` VALUES ('QY013', '北京市', '北京市', '怀柔区', '110116', 'BJBJHR', 'beijing');
INSERT INTO `bc_region` VALUES ('QY014', '北京市', '北京市', '平谷区', '110117', 'BJBJPG', 'beijing');
INSERT INTO `bc_region` VALUES ('QY015', '北京市', '北京市', '密云县', '110228', 'BJBJMY', 'beijing');
INSERT INTO `bc_region` VALUES ('QY016', '北京市', '北京市', '延庆县', '110229', 'BJBJYQ', 'beijing');
INSERT INTO `bc_region` VALUES ('QY017', '河北省', '石家庄市', '长安区', '130102', 'HBSJZZA', 'shijiazhuang');
INSERT INTO `bc_region` VALUES ('QY018', '河北省', '石家庄市', '桥东区', '130103', 'HBSJZQD', 'shijiazhuang');
INSERT INTO `bc_region` VALUES ('QY019', '河北省', '石家庄市', '桥西区', '130104', 'HBSJZQX', 'shijiazhuang');
INSERT INTO `bc_region` VALUES ('QY020', '河北省', '石家庄市', '新华区', '130105', 'HBSJZXH', 'shijiazhuang');
INSERT INTO `bc_region` VALUES ('QY021', '河北省', '石家庄市', '井陉矿区', '130107', 'HBSJZJXK', 'shijiazhuang');
INSERT INTO `bc_region` VALUES ('QY022', '河北省', '石家庄市', '裕华区', '130108', 'HBSJZYH', 'shijiazhuang');
INSERT INTO `bc_region` VALUES ('QY023', '河北省', '石家庄市', '井陉县', '130121', 'HBSJZJX', 'shijiazhuang');
INSERT INTO `bc_region` VALUES ('QY024', '河北省', '石家庄市', '正定县', '130123', 'HBSJZZD', 'shijiazhuang');
INSERT INTO `bc_region` VALUES ('QY025', '河北省', '石家庄市', '栾城县', '130124', 'HBSJZLC', 'shijiazhuang');
INSERT INTO `bc_region` VALUES ('QY026', '河北省', '石家庄市', '行唐县', '130125', 'HBSJZXT', 'shijiazhuang');
INSERT INTO `bc_region` VALUES ('QY027', '河北省', '石家庄市', '灵寿县', '130126', 'HBSJZLS', 'shijiazhuang');
INSERT INTO `bc_region` VALUES ('QY028', '河北省', '石家庄市', '高邑县', '130127', 'HBSJZGY', 'shijiazhuang');
INSERT INTO `bc_region` VALUES ('QY029', '河北省', '石家庄市', '深泽县', '130128', 'HBSJZSZ', 'shijiazhuang');
INSERT INTO `bc_region` VALUES ('QY030', '河北省', '石家庄市', '赞皇县', '130129', 'HBSJZZH', 'shijiazhuang');
INSERT INTO `bc_region` VALUES ('QY031', '河北省', '石家庄市', '无极县', '130130', 'HBSJZWJ', 'shijiazhuang');
INSERT INTO `bc_region` VALUES ('QY032', '河北省', '石家庄市', '平山县', '130131', 'HBSJZPS', 'shijiazhuang');
INSERT INTO `bc_region` VALUES ('QY033', '河北省', '石家庄市', '元氏县', '130132', 'HBSJZYS', 'shijiazhuang');
INSERT INTO `bc_region` VALUES ('QY034', '河北省', '石家庄市', '赵县', '130133', 'HBSJZZ', 'shijiazhuang');
INSERT INTO `bc_region` VALUES ('QY035', '河北省', '石家庄市', '辛集市', '130181', 'HBSJZXJ', 'shijiazhuang');
INSERT INTO `bc_region` VALUES ('QY036', '河北省', '石家庄市', '藁城市', '130182', 'HBSJZGC', 'shijiazhuang');
INSERT INTO `bc_region` VALUES ('QY037', '河北省', '石家庄市', '晋州市', '130183', 'HBSJZJZ', 'shijiazhuang');
INSERT INTO `bc_region` VALUES ('QY038', '河北省', '石家庄市', '新乐市', '130184', 'HBSJZXL', 'shijiazhuang');
INSERT INTO `bc_region` VALUES ('QY039', '河北省', '石家庄市', '鹿泉市', '130185', 'HBSJZLQ', 'shijiazhuang');
INSERT INTO `bc_region` VALUES ('QY040', '天津市', '天津市', '和平区', '120101', 'TJTJHP', 'tianjin');
INSERT INTO `bc_region` VALUES ('QY041', '天津市', '天津市', '河东区', '120102', 'TJTJHD', 'tianjin');
INSERT INTO `bc_region` VALUES ('QY042', '天津市', '天津市', '河西区', '120103', 'TJTJHX', 'tianjin');
INSERT INTO `bc_region` VALUES ('QY043', '天津市', '天津市', '南开区', '120104', 'TJTJNK', 'tianjin');
INSERT INTO `bc_region` VALUES ('QY044', '天津市', '天津市', '河北区', '120105', 'TJTJHB', 'tianjin');
INSERT INTO `bc_region` VALUES ('QY045', '天津市', '天津市', '红桥区', '120106', 'TJTJHQ', 'tianjin');
INSERT INTO `bc_region` VALUES ('QY046', '天津市', '天津市', '滨海新区', '120116', 'TJTJBHX', 'tianjin');
INSERT INTO `bc_region` VALUES ('QY047', '天津市', '天津市', '东丽区', '120110', 'TJTJDL', 'tianjin');
INSERT INTO `bc_region` VALUES ('QY048', '天津市', '天津市', '西青区', '120111', 'TJTJXQ', 'tianjin');
INSERT INTO `bc_region` VALUES ('QY049', '天津市', '天津市', '津南区', '120112', 'TJTJJN', 'tianjin');
INSERT INTO `bc_region` VALUES ('QY050', '天津市', '天津市', '北辰区', '120113', 'TJTJBC', 'tianjin');
INSERT INTO `bc_region` VALUES ('QY051', '天津市', '天津市', '武清区', '120114', 'TJTJWQ', 'tianjin');
INSERT INTO `bc_region` VALUES ('QY052', '天津市', '天津市', '宝坻区', '120115', 'TJTJBC', 'tianjin');
INSERT INTO `bc_region` VALUES ('QY053', '天津市', '天津市', '宁河县', '120221', 'TJTJNH', 'tianjin');
INSERT INTO `bc_region` VALUES ('QY054', '天津市', '天津市', '静海县', '120223', 'TJTJJH', 'tianjin');
INSERT INTO `bc_region` VALUES ('QY055', '天津市', '天津市', '蓟县', '120225', 'TJTJJ', 'tianjin');
INSERT INTO `bc_region` VALUES ('QY056', '山西省', '太原市', '小店区', '140105', 'SXTYXD', 'taiyuan');
INSERT INTO `bc_region` VALUES ('QY057', '山西省', '太原市', '迎泽区', '140106', 'SXTYYZ', 'taiyuan');
INSERT INTO `bc_region` VALUES ('QY058', '山西省', '太原市', '杏花岭区', '140107', 'SXTYXHL', 'taiyuan');
INSERT INTO `bc_region` VALUES ('QY059', '山西省', '太原市', '尖草坪区', '140108', 'SXTYJCP', 'taiyuan');
INSERT INTO `bc_region` VALUES ('QY060', '山西省', '太原市', '万柏林区', '140109', 'SXTYWBL', 'taiyuan');
INSERT INTO `bc_region` VALUES ('QY061', '山西省', '太原市', '晋源区', '140110', 'SXTYJY', 'taiyuan');
INSERT INTO `bc_region` VALUES ('QY062', '山西省', '太原市', '清徐县', '140121', 'SXTYQX', 'taiyuan');
INSERT INTO `bc_region` VALUES ('QY063', '山西省', '太原市', '阳曲县', '140122', 'SXTYYQ', 'taiyuan');
INSERT INTO `bc_region` VALUES ('QY064', '山西省', '太原市', '娄烦县', '140123', 'SXTYLF', 'taiyuan');
INSERT INTO `bc_region` VALUES ('QY065', '山西省', '太原市', '古交市', '140181', 'SXTYGJ', 'taiyuan');

-- ----------------------------
-- Table structure for bc_staff
-- ----------------------------
DROP TABLE IF EXISTS `bc_staff`;
CREATE TABLE `bc_staff` (
  `id` varchar(32) NOT NULL,
  `name` varchar(20) DEFAULT NULL,
  `telephone` varchar(20) DEFAULT NULL,
  `haspda` char(1) DEFAULT NULL,
  `deltag` char(1) DEFAULT NULL,
  `station` varchar(40) DEFAULT NULL,
  `standard` varchar(100) DEFAULT NULL,
  PRIMARY KEY (`id`)
) ENGINE=InnoDB DEFAULT CHARSET=utf8;

-- ----------------------------
-- Records of bc_staff
-- ----------------------------
INSERT INTO `bc_staff` VALUES ('4028b881624e14e201624e1c13ee0000', '22', '13122222222', '0', '1', '2', '2');
INSERT INTO `bc_staff` VALUES ('4028b88162505d410162506986d50000', '33', '13122222222', '1', '1', '3', '3');
INSERT INTO `bc_staff` VALUES ('4028b881625091a60162509226be0000', '11', '13133333333', '0', '0', '1', '1');
INSERT INTO `bc_staff` VALUES ('4028b8816250b1cf016250b45b640002', 'wx_songhui', '13122222222', '0', '0', '3', '3');
INSERT INTO `bc_staff` VALUES ('4028b88162ae62f90162ae89b0110000', 'wql', '13122222222', '1', '0', 'wql', '标准');

-- ----------------------------
-- Table structure for bc_subarea
-- ----------------------------
DROP TABLE IF EXISTS `bc_subarea`;
CREATE TABLE `bc_subarea` (
  `id` varchar(32) NOT NULL,
  `decidedzone_id` varchar(32) DEFAULT NULL,
  `region_id` varchar(32) DEFAULT NULL,
  `addresskey` varchar(100) DEFAULT NULL,
  `startnum` varchar(30) DEFAULT NULL,
  `endnum` varchar(30) DEFAULT NULL,
  `single` char(1) DEFAULT NULL,
  `position` varchar(255) DEFAULT NULL,
  PRIMARY KEY (`id`),
  KEY `FKlndbc8oldgbg3k1x63n3n6t7n` (`decidedzone_id`),
  KEY `FKcjwxm19mx5njn3xyqgqp431mb` (`region_id`),
  CONSTRAINT `FK_area_decidedzone` FOREIGN KEY (`decidedzone_id`) REFERENCES `bc_decidedzone` (`id`),
  CONSTRAINT `FK_area_region` FOREIGN KEY (`region_id`) REFERENCES `bc_region` (`id`),
  CONSTRAINT `FKcjwxm19mx5njn3xyqgqp431mb` FOREIGN KEY (`region_id`) REFERENCES `bc_region` (`id`),
  CONSTRAINT `FKlndbc8oldgbg3k1x63n3n6t7n` FOREIGN KEY (`decidedzone_id`) REFERENCES `bc_decidedzone` (`id`)
) ENGINE=InnoDB DEFAULT CHARSET=utf8;

-- ----------------------------
-- Records of bc_subarea
-- ----------------------------
INSERT INTO `bc_subarea` VALUES ('1', '1', 'QY002', '1', '1', '1', '1', '1');
INSERT INTO `bc_subarea` VALUES ('2', '2', 'QY002', '2', '2', '2', '1', '2');
INSERT INTO `bc_subarea` VALUES ('300', '2', 'QY036', '333', '333', '333', '2', '333');

-- ----------------------------
-- Table structure for qp_noticebill
-- ----------------------------
DROP TABLE IF EXISTS `qp_noticebill`;
CREATE TABLE `qp_noticebill` (
  `id` varchar(32) NOT NULL,
  `user_id` varchar(32) DEFAULT NULL,
  `staff_id` varchar(32) DEFAULT NULL,
  `customer_id` varchar(32) DEFAULT NULL,
  `customer_name` varchar(20) DEFAULT NULL,
  `delegater` varchar(20) DEFAULT NULL,
  `telephone` varchar(20) DEFAULT NULL,
  `pickaddress` varchar(200) DEFAULT NULL,
  `arrivecity` varchar(20) DEFAULT NULL,
  `product` varchar(20) DEFAULT NULL,
  `pickdate` datetime DEFAULT NULL,
  `num` int(11) DEFAULT NULL,
  `weight` double DEFAULT NULL,
  `volume` varchar(20) DEFAULT NULL,
  `remark` varchar(255) DEFAULT NULL,
  `ordertype` varchar(20) DEFAULT NULL,
  PRIMARY KEY (`id`),
  KEY `FKl5j3pm969oy1qdc1318jrmbgt` (`user_id`),
  KEY `FKhmbqr6qlg0uets978w5xshler` (`staff_id`),
  CONSTRAINT `FKhmbqr6qlg0uets978w5xshler` FOREIGN KEY (`staff_id`) REFERENCES `bc_staff` (`id`),
  CONSTRAINT `FKl5j3pm969oy1qdc1318jrmbgt` FOREIGN KEY (`user_id`) REFERENCES `t_user` (`id`)
) ENGINE=InnoDB DEFAULT CHARSET=utf8;

-- ----------------------------
-- Records of qp_noticebill
-- ----------------------------
INSERT INTO `qp_noticebill` VALUES ('4028b88162ad3e310162ad400fc50000', '1', '4028b881625091a60162509226be0000', '1', '张三', '张三', '1', '北京', '1', '1', '2018-03-29 00:00:00', '1', '1', '1', '1', '自动');
INSERT INTO `qp_noticebill` VALUES ('4028b88162ad5ed00162ad61a4460000', '1', '4028b881625091a60162509226be0000', '1', '张三', '张三', '1', '北京', '', '', null, null, null, '', '', '自动');
INSERT INTO `qp_noticebill` VALUES ('4028b88162ad5ed00162ad6393c10002', '1', '4028b881625091a60162509226be0000', '1', '张三', '张三', '1', '北京', '888', '888', '2018-04-04 00:00:00', '888', '8888', '888', '8888', '自动');
INSERT INTO `qp_noticebill` VALUES ('4028b88162b7ce370162b81cf8290000', '4028b88162b758a70162b765531e0002', null, '4', '赵六', '赵六', '4', '石家庄', '4', '444', '2018-03-28 00:00:00', '4', '4', '4', '4', '人工');
INSERT INTO `qp_noticebill` VALUES ('4028b88162b7ce370162b81fa3db0001', '4028b88162b758a70162b765531e0002', null, '4', '赵六', '赵六', '4', '石家庄', '4', '444', '2018-04-05 00:00:00', '4', '4', '4', '4', '人工');
INSERT INTO `qp_noticebill` VALUES ('4028b88162b7ce370162b81fe9d80002', '4028b88162b758a70162b765531e0002', null, '', '', '', '', '', '', '', null, null, null, '', '', '人工');
INSERT INTO `qp_noticebill` VALUES ('4028b88162b7ce370162b82004ce0003', '4028b88162b758a70162b765531e0002', null, '', '', '', '', '', '', '', null, null, null, '', '', '人工');
INSERT INTO `qp_noticebill` VALUES ('4028b88162b7ce370162b820474c0004', '4028b88162b758a70162b765531e0002', null, '', '', '', '', '', '', '', null, null, null, '', '', '人工');

-- ----------------------------
-- Table structure for qp_workbill
-- ----------------------------
DROP TABLE IF EXISTS `qp_workbill`;
CREATE TABLE `qp_workbill` (
  `id` varchar(32) NOT NULL,
  `noticebill_id` varchar(32) DEFAULT NULL,
  `staff_id` varchar(32) DEFAULT NULL,
  `type` varchar(20) DEFAULT NULL,
  `pickstate` varchar(20) DEFAULT NULL,
  `buildtime` datetime NOT NULL,
  `attachbilltimes` int(11) DEFAULT NULL,
  `remark` varchar(255) DEFAULT NULL,
  PRIMARY KEY (`id`),
  KEY `FKggojlcovnpimuukxcueb18apt` (`noticebill_id`),
  KEY `FK55ckcnjyvwinnnniu5jpelg7y` (`staff_id`),
  CONSTRAINT `FK55ckcnjyvwinnnniu5jpelg7y` FOREIGN KEY (`staff_id`) REFERENCES `bc_staff` (`id`),
  CONSTRAINT `FKggojlcovnpimuukxcueb18apt` FOREIGN KEY (`noticebill_id`) REFERENCES `qp_noticebill` (`id`)
) ENGINE=InnoDB DEFAULT CHARSET=utf8;

-- ----------------------------
-- Records of qp_workbill
-- ----------------------------
INSERT INTO `qp_workbill` VALUES ('4028b88162ad3e310162ad400fe20001', '4028b88162ad3e310162ad400fc50000', '4028b881625091a60162509226be0000', '新单', '未取件', '2018-04-10 09:51:19', '0', '1');
INSERT INTO `qp_workbill` VALUES ('4028b88162ad5ed00162ad61a4580001', '4028b88162ad5ed00162ad61a4460000', '4028b881625091a60162509226be0000', '新单', '未取件', '2018-04-10 10:28:00', '0', '');
INSERT INTO `qp_workbill` VALUES ('4028b88162ad5ed00162ad6393cb0003', '4028b88162ad5ed00162ad6393c10002', '4028b881625091a60162509226be0000', '新单', '未取件', '2018-04-10 10:30:07', '0', '8888');

-- ----------------------------
-- Table structure for qp_workordermanage
-- ----------------------------
DROP TABLE IF EXISTS `qp_workordermanage`;
CREATE TABLE `qp_workordermanage` (
  `id` varchar(32) NOT NULL,
  `arrivecity` varchar(20) DEFAULT NULL,
  `product` varchar(20) DEFAULT NULL,
  `num` int(11) DEFAULT NULL,
  `weight` double DEFAULT NULL,
  `floadreqr` varchar(255) DEFAULT NULL,
  `prodtimelimit` varchar(40) DEFAULT NULL,
  `prodtype` varchar(40) DEFAULT NULL,
  `sendername` varchar(20) DEFAULT NULL,
  `senderphone` varchar(20) DEFAULT NULL,
  `senderaddr` varchar(200) DEFAULT NULL,
  `receivername` varchar(20) DEFAULT NULL,
  `receiverphone` varchar(20) DEFAULT NULL,
  `receiveraddr` varchar(200) DEFAULT NULL,
  `feeitemnum` int(11) DEFAULT NULL,
  `actlweit` double DEFAULT NULL,
  `vol` varchar(20) DEFAULT NULL,
  `managerCheck` varchar(1) DEFAULT NULL,
  `updatetime` datetime DEFAULT NULL,
  `start` varchar(1) DEFAULT NULL,
  PRIMARY KEY (`id`)
) ENGINE=InnoDB DEFAULT CHARSET=utf8;

-- ----------------------------
-- Records of qp_workordermanage
-- ----------------------------
INSERT INTO `qp_workordermanage` VALUES ('11', '11', '11', '11', '1', '1', null, null, null, null, null, null, null, null, null, null, null, null, '2018-04-10 13:00:54', '1');
INSERT INTO `qp_workordermanage` VALUES ('4', '4', '4', '4', '4', '4', null, null, null, null, null, null, null, null, null, null, null, '0', '2018-04-12 12:34:19', '0');

-- ----------------------------
-- Table structure for role_function
-- ----------------------------
DROP TABLE IF EXISTS `role_function`;
CREATE TABLE `role_function` (
  `role_id` varchar(32) NOT NULL,
  `function_id` varchar(32) NOT NULL,
  PRIMARY KEY (`role_id`,`function_id`),
  KEY `FK5f8riddotqjpm9vly0b8c5nmf` (`function_id`),
  CONSTRAINT `FK10qo908yd9evkyb40vf88og85` FOREIGN KEY (`role_id`) REFERENCES `auth_role` (`id`),
  CONSTRAINT `FK5f8riddotqjpm9vly0b8c5nmf` FOREIGN KEY (`function_id`) REFERENCES `auth_function` (`id`),
  CONSTRAINT `FK_Reference_2` FOREIGN KEY (`function_id`) REFERENCES `auth_function` (`id`),
  CONSTRAINT `FK_Reference_3` FOREIGN KEY (`role_id`) REFERENCES `auth_role` (`id`)
) ENGINE=InnoDB DEFAULT CHARSET=utf8;

-- ----------------------------
-- Records of role_function
-- ----------------------------
INSERT INTO `role_function` VALUES ('4028b88162b3e7d10162b3fb27e10002', '11');
INSERT INTO `role_function` VALUES ('4028b88162b3e7d10162b3fb27e10002', '112');
INSERT INTO `role_function` VALUES ('4028b88162b3e7d10162b3fb27e10002', '113');
INSERT INTO `role_function` VALUES ('4028b88162b3e7d10162b3fb27e10002', '114');
INSERT INTO `role_function` VALUES ('4028b88162b3e7d10162b3fb27e10002', '115');
INSERT INTO `role_function` VALUES ('4028b88162b3e7d10162b3fb27e10002', '116');
INSERT INTO `role_function` VALUES ('4028b88162b3e7d10162b3fb27e10002', '12');
INSERT INTO `role_function` VALUES ('4028b88162b3e7d10162b3fb27e10002', '121');
INSERT INTO `role_function` VALUES ('4028b88162b3e7d10162b3fb27e10002', '122');
INSERT INTO `role_function` VALUES ('4028b88162b3e7d10162b3fb27e10002', '124');
INSERT INTO `role_function` VALUES ('4028b88162b3e7d10162b3fb27e10002', '13');
INSERT INTO `role_function` VALUES ('4028b88162b3e7d10162b3fb27e10002', '131');
INSERT INTO `role_function` VALUES ('4028b88162b3e7d10162b3fb27e10002', '132');
INSERT INTO `role_function` VALUES ('4028b88162b3e7d10162b3fb27e10002', '14');
INSERT INTO `role_function` VALUES ('4028b88162b3e7d10162b3fb27e10002', '141');
INSERT INTO `role_function` VALUES ('4028b88162b3e7d10162b3fb27e10002', '142');
INSERT INTO `role_function` VALUES ('4028b88162b3e7d10162b3fb27e10002', '143');

-- ----------------------------
-- Table structure for t_user
-- ----------------------------
DROP TABLE IF EXISTS `t_user`;
CREATE TABLE `t_user` (
  `id` varchar(32) NOT NULL,
  `username` varchar(20) DEFAULT NULL,
  `password` varchar(32) DEFAULT NULL,
  `salary` double DEFAULT NULL,
  `birthday` date DEFAULT NULL,
  `gender` varchar(10) DEFAULT NULL,
  `station` varchar(40) DEFAULT NULL,
  `telephone` varchar(11) DEFAULT NULL,
  `remark` varchar(255) DEFAULT NULL,
  PRIMARY KEY (`id`)
) ENGINE=InnoDB DEFAULT CHARSET=utf8;

-- ----------------------------
-- Records of t_user
-- ----------------------------
INSERT INTO `t_user` VALUES ('1', 'admin', '934b535800b1cba8f96a5d72f72f1611', '1', '2018-04-04', '1', '1', '1', '1');
INSERT INTO `t_user` VALUES ('4028b88162b758a70162b765531e0002', 'lhr', '934b535800b1cba8f96a5d72f72f1611', '2222', '2018-03-29', '男', '分公司', '13122222222', null);

-- ----------------------------
-- Table structure for user_role
-- ----------------------------
DROP TABLE IF EXISTS `user_role`;
CREATE TABLE `user_role` (
  `user_id` varchar(32) NOT NULL,
  `role_id` varchar(32) NOT NULL,
  PRIMARY KEY (`user_id`,`role_id`),
  KEY `FKqqlqhas35obkljn18mrh6mmms` (`role_id`),
  CONSTRAINT `FK_Reference_4` FOREIGN KEY (`user_id`) REFERENCES `t_user` (`id`),
  CONSTRAINT `FK_Reference_5` FOREIGN KEY (`role_id`) REFERENCES `auth_role` (`id`),
  CONSTRAINT `FKeqon9sx5vssprq67dxm3s7ump` FOREIGN KEY (`user_id`) REFERENCES `t_user` (`id`),
  CONSTRAINT `FKqqlqhas35obkljn18mrh6mmms` FOREIGN KEY (`role_id`) REFERENCES `auth_role` (`id`)
) ENGINE=InnoDB DEFAULT CHARSET=utf8;

-- ----------------------------
-- Records of user_role
-- ----------------------------
INSERT INTO `user_role` VALUES ('4028b88162b758a70162b765531e0002', '4028b88162b3e7d10162b3fb27e10002');
